accession_number,mid,description,score,topicality
1984.028,/m/0csby,Cloud,0.9712596,0.9712596
1984.028,/m/01ctsf,Atmosphere,0.9481808,0.9481808
1984.028,/m/01bqvp,Sky,0.94028056,0.94028056
1984.028,/m/0cblv,Ecoregion,0.92548543,0.92548543
1984.028,/m/05h0n,Nature,0.89916044,0.89916044
1984.028,/m/02py09,Natural environment,0.8906881,0.8906881
1984.028,/m/05y4t,Paint,0.8463204,0.8463204
1984.028,/m/05qdh,Painting,0.84501266,0.84501266
1984.028,/m/0jjw,Art,0.8385003,0.8385003
1984.028,/m/03ktm1,Body of water,0.8327381,0.8327381
1984.029,/m/0838f,Water,0.9584736,0.9584736
1984.029,/m/01bqvp,Sky,0.93295985,0.93295985
1984.029,/m/05s2s,Plant,0.88443196,0.88443196
1984.029,/m/07j7r,Tree,0.8697648,0.8697648
1984.029,/m/03d28y3,Natural landscape,0.8641962,0.8641962
1984.029,/m/0jjw,Art,0.8441528,0.8441528
1984.029,/m/0csby,Cloud,0.8351755,0.8351755
1984.029,/m/07pw27b,Atmospheric phenomenon,0.8205037,0.8205037
1984.029,/m/05qdh,Painting,0.81704384,0.81704384
1984.029,/m/05t0z3q,Bank,0.81590897,0.81590897
1984.030,/m/0csby,Cloud,0.9705887,0.9705887
1984.030,/m/05s2s,Plant,0.95944136,0.95944136
1984.030,/m/01bqvp,Sky,0.95713997,0.95713997
1984.030,/m/07j7r,Tree,0.8845885,0.8845885
1984.030,/m/03d28y3,Natural landscape,0.87423015,0.87423015
1984.030,/m/083vt,Wood,0.80948347,0.80948347
1984.030,/m/01c7cq,Grassland,0.7953709,0.7953709
1984.030,/m/08t9c_,Grass,0.79429907,0.79429907
1984.030,/m/0jjw,Art,0.786902,0.786902
1984.030,/m/05sm1,Plain,0.78260154,0.78260154
1984.031,/m/0838f,Water,0.92334026,0.92334026
1984.031,/m/05s2s,Plant,0.9154102,0.9154102
1984.031,/m/03d28y3,Natural landscape,0.89503413,0.89503413
1984.031,/m/01bqvp,Sky,0.8932532,0.8932532
1984.031,/m/05y4t,Paint,0.8853682,0.8853682
1984.031,/m/07j7r,Tree,0.8677418,0.8677418
1984.031,/m/0h90w5d,Art paint,0.8613698,0.8613698
1984.031,/m/083vt,Wood,0.85094595,0.85094595
1984.031,/m/0jjw,Art,0.82818335,0.82818335
1984.031,/m/05qdh,Painting,0.810688,0.810688
1984.032,/m/0jjw,Art,0.84871346,0.84871346
1984.032,/m/06z37_,Picture frame,0.81912297,0.81912297
1984.032,/m/05qdh,Painting,0.7912167,0.7912167
1984.032,/m/0n1h,Artist,0.7629639,0.7629639
1984.032,/m/02w3_2,Formal wear,0.7227298,0.7227298
1984.032,/m/01jn5,Barrister,0.71591955,0.71591955
1984.032,/m/01rkbr,Tie,0.6892737,0.6892737
1984.032,/m/0266180,Self-portrait,0.67716295,0.67716295
1984.032,/m/0h90w5d,Art paint,0.671561,0.671561
1984.032,/m/0p9xx,Visual arts,0.6567103,0.6567103
1984.040,/m/0cgh4,Building,0.85437256,0.85437256
1984.040,/m/0jjw,Art,0.7925077,0.7925077
1984.040,/m/05qdh,Painting,0.7799226,0.7799226
1984.040,/m/01x314,Facade,0.7501815,0.7501815
1984.040,/m/02csf,Drawing,0.71098965,0.71098965
1984.040,/m/01kr8f,Illustration,0.6955682,0.6955682
1984.040,/m/0641k,Paper,0.69548917,0.69548917
1984.040,/m/065zs54,Holy places,0.68651736,0.68651736
1984.040,/m/0j62f,Rectangle,0.68602526,0.68602526
1984.040,/m/03g3w,History,0.67831653,0.67831653
1985.004,/m/09q2t,Brown,0.98046786,0.98046786
1985.004,/m/0j62f,Rectangle,0.872675,0.872675
1985.004,/m/02q_bfg,Tints and shades,0.77164584,0.77164584
1985.004,/m/08t9c_,Grass,0.7602364,0.7602364
1985.004,/m/083vt,Wood,0.75664496,0.75664496
1985.004,/m/025s3q0,Landscape,0.67349195,0.67349195
1985.004,/m/0h8p59j,Paper product,0.66465473,0.66465473
1985.004,/m/0p9xx,Visual arts,0.6523932,0.6523932
1985.004,/m/0641k,Paper,0.64818615,0.64818615
1985.004,/m/07j7r,Tree,0.61475486,0.61475486
1985.012,/m/0h8p5l_,Religious item,0.84292734,0.84292734
1985.012,/m/06z37_,Picture frame,0.83347213,0.83347213
1985.012,/m/06msq,Sculpture,0.81106883,0.81106883
1985.012,/m/05qdh,Painting,0.8013802,0.8013802
1985.012,/m/0jjw,Art,0.80083287,0.80083287
1985.012,/m/02skpt,Artifact,0.70108217,0.70108217
1985.012,/m/0j62f,Rectangle,0.6883064,0.6883064
1985.012,/m/09ddf,Symbol,0.682534,0.682534
1985.012,/g/1196b301f,Supernatural creature,0.67848676,0.67848676
1985.012,/m/03g3w,History,0.6760786,0.6760786
1985.017,/m/037p5b,Cheek,0.97865236,0.97865236
1985.017,/m/013y0j,Organ,0.90225077,0.90225077
1985.017,/m/0jjw,Art,0.8004676,0.8004676
1985.017,/m/01vkl,Circle,0.72226954,0.72226954
1985.017,/m/08v4gh,Vintage clothing,0.68956536,0.68956536
1985.017,/m/01kr8f,Illustration,0.6888741,0.6888741
1985.017,/m/0p9xx,Visual arts,0.6868992,0.6868992
1985.017,/m/03g3w,History,0.68473154,0.68473154
1985.017,/m/0hwky,Pattern,0.66193104,0.66193104
1985.017,/m/01mwkf,Monochrome,0.6481487,0.6481487
1985.018,/m/025kyy,Forehead,0.9846564,0.9846564
1985.018,/m/0f9swq,Chin,0.9657636,0.9657636
1985.018,/m/027n3_,Eyebrow,0.94566303,0.94566303
1985.018,/m/06z37_,Picture frame,0.86063296,0.86063296
1985.018,/m/0jjw,Art,0.8001634,0.8001634
1985.018,/m/06g58b,Oval,0.77701956,0.77701956
1985.018,/m/091410,Collar,0.7634792,0.7634792
1985.018,/m/08v4gh,Vintage clothing,0.75695187,0.75695187
1985.018,/m/062581,Sleeve,0.72937673,0.72937673
1985.018,/m/02q_bfg,Tints and shades,0.7149845,0.7149845
1985.022,/m/05nnm,Organism,0.8551984,0.8551984
1985.022,/m/0hwky,Pattern,0.7662663,0.7662663
1985.022,/m/0jjw,Art,0.76359564,0.76359564
1985.022,/m/03gq5hm,Font,0.73833275,0.73833275
1985.022,/m/03g3w,History,0.67034894,0.67034894
1985.022,/m/0p9xx,Visual arts,0.64069206,0.64069206
1985.022,/m/04t7l,Metal,0.6088651,0.6088651
1985.022,/m/0bp7w,Printmaking,0.57118905,0.57118905
1985.022,/m/01kr8f,Illustration,0.56343645,0.56343645
1985.022,/m/02skpt,Artifact,0.5100216,0.5100216
1985.024,/m/01k9lj,Jaw,0.8789493,0.8789493
1985.024,/m/06msq,Sculpture,0.8760478,0.8760478
1985.024,/m/013_1c,Statue,0.8656878,0.8656878
1985.024,/m/02skpt,Artifact,0.8457326,0.8457326
1985.024,/m/083vt,Wood,0.83248425,0.83248425
1985.024,/m/0jjw,Art,0.8306098,0.8306098
1985.024,/m/01x5q,Ceramic,0.7013004,0.7013004
1985.024,/m/095yjj,Classical sculpture,0.69232583,0.69232583
1985.024,/m/04t7l,Metal,0.69137,0.69137
1985.024,/m/0djmp,Ancient history,0.6719068,0.6719068
1985.025,/m/01k9lj,Jaw,0.8780566,0.8780566
1985.025,/m/07sx2n,Natural material,0.85514385,0.85514385
1985.025,/m/02skpt,Artifact,0.8291264,0.8291264
1985.025,/m/0dw9f6,Creative arts,0.816545,0.816545
1985.025,/m/0jjw,Art,0.78566766,0.78566766
1985.025,/m/064rk,Pottery,0.71027344,0.71027344
1985.025,/m/01x5q,Ceramic,0.66570914,0.66570914
1985.025,/m/03q7p08,earthenware,0.63800186,0.63800186
1985.025,/m/0fbf1m,Terrestrial animal,0.6093492,0.6093492
1985.025,/m/05t_yt,Carmine,0.57812124,0.57812124
1985.026,/m/04brg2,Tableware,0.9668994,0.9668994
1985.026,/m/0h8nvk9,Dishware,0.9336107,0.9336107
1985.026,/m/050h26,Drinkware,0.87354916,0.87354916
1985.026,/m/0h8n22v,Serveware,0.8601723,0.8601723
1985.026,/m/0fm3zh,Flowerpot,0.83672243,0.83672243
1985.026,/m/064rk,Pottery,0.8250305,0.8250305
1985.026,/m/0jjw,Art,0.78666246,0.78666246
1985.026,/m/03q7p08,earthenware,0.78468984,0.78468984
1985.026,/m/02skpt,Artifact,0.78088945,0.78088945
1985.026,/m/016f4d,Porcelain,0.7612936,0.7612936
1985.028,/m/09q2t,Brown,0.98046786,0.98046786
1985.028,/m/04brg2,Tableware,0.9047011,0.9047011
1985.028,/m/0h8n22v,Serveware,0.84564054,0.84564054
1985.028,/m/0jjw,Art,0.8164601,0.8164601
1985.028,/m/064rk,Pottery,0.807988,0.807988
1985.028,/m/02skpt,Artifact,0.7602559,0.7602559
1985.028,/m/0404d,Jewellery,0.76016295,0.76016295
1985.028,/m/03q7p08,earthenware,0.7579648,0.7579648
1985.028,/m/0h8nvk9,Dishware,0.7407199,0.7407199
1985.028,/m/04t7l,Metal,0.6941239,0.6941239
1985.029,/m/07sx2n,Natural material,0.87938064,0.87938064
1985.029,/m/0j62f,Rectangle,0.8481803,0.8481803
1985.029,/m/083vt,Wood,0.78508085,0.78508085
1985.029,/m/037xy,Gas,0.7790803,0.7790803
1985.029,/m/064rk,Pottery,0.7782929,0.7782929
1985.029,/m/02skpt,Artifact,0.7746669,0.7746669
1985.029,/m/03h_4m,Cylinder,0.77138925,0.77138925
1985.029,/m/0jjw,Art,0.723285,0.723285
1985.029,/m/01x5q,Ceramic,0.7133688,0.7133688
1985.029,/m/014qzr,Composite material,0.6808335,0.6808335
1985.032,/m/06msq,Sculpture,0.85648835,0.85648835
1985.032,/m/02skpt,Artifact,0.8418731,0.8418731
1985.032,/m/0jjw,Art,0.73755795,0.73755795
1985.032,/m/03gq5hm,Font,0.73682624,0.73682624
1985.032,/m/0j62f,Rectangle,0.7203993,0.7203993
1985.032,/m/04t7l,Metal,0.6832219,0.6832219
1985.032,/m/0463sg,Fashion accessory,0.6728997,0.6728997
1985.032,/m/0p9xx,Visual arts,0.66117036,0.66117036
1985.032,/m/03g3w,History,0.6476064,0.6476064
1985.032,/m/0jwzhtg,Carving,0.62946004,0.62946004
1985.036,/m/0h8nvk9,Dishware,0.9110883,0.9110883
1985.036,/m/07sx2n,Natural material,0.8786034,0.8786034
1985.036,/m/04brg2,Tableware,0.8197769,0.8197769
1985.036,/m/0dw9f6,Creative arts,0.80812895,0.80812895
1985.036,/m/0h8n22v,Serveware,0.8052097,0.8052097
1985.036,/m/0j62f,Rectangle,0.78881365,0.78881365
1985.036,/m/01vkl,Circle,0.6898032,0.6898032
1985.036,/m/03hj559,Mixing bowl,0.67693007,0.67693007
1985.036,/m/0463sg,Fashion accessory,0.67205304,0.67205304
1985.036,/m/0jjw,Art,0.6506467,0.6506467
1985.037,/m/02s195,Vase,0.94245183,0.94245183
1985.037,/m/02skpt,Artifact,0.86082566,0.86082566
1985.037,/m/0dw9f6,Creative arts,0.8477777,0.8477777
1985.037,/m/0h8n22v,Serveware,0.8377371,0.8377371
1985.037,/m/064rk,Pottery,0.82130116,0.82130116
1985.037,/m/0jjw,Art,0.8148238,0.8148238
1985.037,/m/03q7p08,earthenware,0.74204063,0.74204063
1985.037,/m/01x5q,Ceramic,0.7397873,0.7397873
1985.037,/m/039jq,Glass,0.63108546,0.63108546
1985.037,/m/027_ny3,Still life photography,0.60979193,0.60979193
1985.040,/m/09l63h,Military camouflage,0.855969,0.855969
1985.040,/m/083vt,Wood,0.8437472,0.8437472
1985.040,/m/01c4rd,Beak,0.8124056,0.8124056
1985.040,/m/015p6,Bird,0.8032032,0.8032032
1985.040,/m/0jjw,Art,0.7948836,0.7948836
1985.040,/m/01x2j,Camouflage,0.7902599,0.7902599
1985.040,/m/01c34b,Flooring,0.74885285,0.74885285
1985.040,/m/06msq,Sculpture,0.74753547,0.74753547
1985.040,/m/083s2,Wing,0.73964095,0.73964095
1985.040,/m/01mzpv,Chair,0.67711484,0.67711484
1985.041,/m/06msq,Sculpture,0.86680543,0.86680543
1985.041,/m/013_1c,Statue,0.85273236,0.85273236
1985.041,/m/083vt,Wood,0.83944684,0.83944684
1985.041,/m/02skpt,Artifact,0.82222825,0.82222825
1985.041,/m/0jjw,Art,0.78650427,0.78650427
1985.041,/m/02ljgl,Monument,0.74725586,0.74725586
1985.041,/m/01x5q,Ceramic,0.72528124,0.72528124
1985.041,/m/0dzdr,Chest,0.7016833,0.7016833
1985.041,/m/04t7l,Metal,0.6931975,0.6931975
1985.041,/m/095yjj,Classical sculpture,0.6867266,0.6867266
1985.044,/m/04hgtk,Head,0.973891,0.973891
1985.044,/m/0f9swq,Chin,0.966074,0.966074
1985.044,/m/01k9lj,Jaw,0.88294715,0.88294715
1985.044,/m/02skpt,Artifact,0.8543285,0.8543285
1985.044,/m/0jjw,Art,0.815947,0.815947
1985.044,/m/04t7l,Metal,0.69610107,0.69610107
1985.044,/m/01cbzq,Rock,0.68712103,0.68712103
1985.044,/m/01b92,Bone,0.6750765,0.6750765
1985.044,/m/016m2d,Skull,0.6670124,0.6670124
1985.044,/m/03gq5hm,Font,0.654312,0.654312
1985.045,/m/02skpt,Artifact,0.8493831,0.8493831
1985.045,/m/0dw9f6,Creative arts,0.84692854,0.84692854
1985.045,/m/0jjw,Art,0.82434803,0.82434803
1985.045,/m/064rk,Pottery,0.81084067,0.81084067
1985.045,/m/0h8n22v,Serveware,0.7842911,0.7842911
1985.045,/m/03q7p08,earthenware,0.7576519,0.7576519
1985.045,/m/03gq5hm,Font,0.72893935,0.72893935
1985.045,/m/02s195,Vase,0.72312605,0.72312605
1985.045,/m/01x5q,Ceramic,0.7140214,0.7140214
1985.045,/m/01vkl,Circle,0.6810032,0.6810032
1985.046,/m/0244x1,Gesture,0.8525739,0.8525739
1985.046,/m/0jjw,Art,0.73050725,0.73050725
1985.046,/m/0404d,Jewellery,0.691149,0.691149
1985.046,/m/0463sg,Fashion accessory,0.67194355,0.67194355
1985.046,/m/04t7l,Metal,0.6715654,0.6715654
1985.046,/m/083vt,Wood,0.6680355,0.6680355
1985.046,/m/016nqt,Twig,0.6493366,0.6493366
1985.046,/m/026qhh,Plastic arts,0.6115623,0.6115623
1985.046,/m/02skpt,Artifact,0.6073907,0.6073907
1985.046,/m/01brf,Bronze,0.5949547,0.5949547
1985.047,/m/01jwgf,Product,0.9074947,0.9074947
1985.047,/m/06msq,Sculpture,0.857509,0.857509
1985.047,/m/013_1c,Statue,0.85382265,0.85382265
1985.047,/m/0dw9f6,Creative arts,0.82774687,0.82774687
1985.047,/m/0h8n22v,Serveware,0.8236075,0.8236075
1985.047,/m/0jjw,Art,0.8120242,0.8120242
1985.047,/m/07_gml,Working animal,0.81082803,0.81082803
1985.047,/m/02skpt,Artifact,0.7393023,0.7393023
1985.047,/m/04t7l,Metal,0.7262091,0.7262091
1985.047,/m/0ggr_,Collectable,0.6960568,0.6960568
1985.063,/m/0h8n22v,Serveware,0.8528458,0.8528458
1985.063,/m/0dw9f6,Creative arts,0.8407832,0.8407832
1985.063,/m/064rk,Pottery,0.8385931,0.8385931
1985.063,/m/0jjw,Art,0.82122076,0.82122076
1985.063,/m/02skpt,Artifact,0.8102823,0.8102823
1985.063,/m/03q7p08,earthenware,0.78880656,0.78880656
1985.063,/m/02s195,Vase,0.75764936,0.75764936
1985.063,/m/01x5q,Ceramic,0.72105145,0.72105145
1985.063,/m/01ys2s,Antique,0.65590185,0.65590185
1985.063,/m/03gq5hm,Font,0.6555073,0.6555073
1985.064,/m/04hgtk,Head,0.9719835,0.9719835
1985.064,/m/06msq,Sculpture,0.88448465,0.88448465
1985.064,/m/013_1c,Statue,0.85015774,0.85015774
1985.064,/m/083vt,Wood,0.83453745,0.83453745
1985.064,/m/02skpt,Artifact,0.8184174,0.8184174
1985.064,/m/0jjw,Art,0.81330514,0.81330514
1985.064,/m/095yjj,Classical sculpture,0.7007087,0.7007087
1985.064,/m/02ljgl,Monument,0.65554297,0.65554297
1985.064,/m/01x5q,Ceramic,0.6553489,0.6553489
1985.064,/m/02h7lkt,Fictional character,0.64613295,0.64613295
1985.066,/m/025kyy,Forehead,0.9846564,0.9846564
1985.066,/m/037p5b,Cheek,0.9790783,0.9790783
1985.066,/m/04hgtk,Head,0.97411084,0.97411084
1985.066,/m/0f9swq,Chin,0.96558535,0.96558535
1985.066,/m/014sv8,Eye,0.93530446,0.93530446
1985.066,/m/01k9lj,Jaw,0.8806674,0.8806674
1985.066,/m/013_1c,Statue,0.8779702,0.8779702
1985.066,/m/06msq,Sculpture,0.8746665,0.8746665
1985.066,/m/08g_yr,Temple,0.86918974,0.86918974
1985.066,/m/083vt,Wood,0.8476228,0.8476228
1985.068,/m/04hgtk,Head,0.97397506,0.97397506
1985.068,/m/06msq,Sculpture,0.8883889,0.8883889
1985.068,/m/013_1c,Statue,0.88794374,0.88794374
1985.068,/m/02skpt,Artifact,0.85095716,0.85095716
1985.068,/m/0517l,Meditation,0.85083765,0.85083765
1985.068,/m/0jjw,Art,0.8119607,0.8119607
1985.068,/m/0dzdr,Chest,0.79064953,0.79064953
1985.068,/m/02ljgl,Monument,0.72378707,0.72378707
1985.068,/m/04t7l,Metal,0.70535195,0.70535195
1985.068,/m/083vt,Wood,0.6942067,0.6942067
1985.073,/m/013_1c,Statue,0.86891615,0.86891615
1985.073,/m/06msq,Sculpture,0.85977745,0.85977745
1985.073,/m/02skpt,Artifact,0.8400717,0.8400717
1985.073,/m/0jjw,Art,0.8333364,0.8333364
1985.073,/m/01443y,Headgear,0.81558967,0.81558967
1985.073,/m/03gq5hm,Font,0.8042206,0.8042206
1985.073,/m/083vt,Wood,0.77134156,0.77134156
1985.073,/m/02ljgl,Monument,0.71473706,0.71473706
1985.073,/m/095yjj,Classical sculpture,0.70306987,0.70306987
1985.073,/m/0jwzhtg,Carving,0.682244,0.682244
1985.076,/m/01k9lj,Jaw,0.8807161,0.8807161
1985.076,/m/06msq,Sculpture,0.86775917,0.86775917
1985.076,/m/083vt,Wood,0.8625555,0.8625555
1985.076,/m/013_1c,Statue,0.8577592,0.8577592
1985.076,/m/02skpt,Artifact,0.8323532,0.8323532
1985.076,/m/0jjw,Art,0.7701814,0.7701814
1985.076,/m/0dw9f6,Creative arts,0.7525178,0.7525178
1985.076,/m/04t7l,Metal,0.72147006,0.72147006
1985.076,/m/0dzdr,Chest,0.6896073,0.6896073
1985.076,/m/02nnps,Relief,0.65578586,0.65578586
1985.092,/m/0h8nvk9,Dishware,0.89224607,0.89224607
1985.092,/m/0h8n22v,Serveware,0.87056494,0.87056494
1985.092,/m/04brg2,Tableware,0.8681413,0.8681413
1985.092,/m/064rk,Pottery,0.83843374,0.83843374
1985.092,/m/02skpt,Artifact,0.8357961,0.8357961
1985.092,/m/0jjw,Art,0.8128128,0.8128128
1985.092,/m/03q7p08,earthenware,0.7842922,0.7842922
1985.092,/m/037xy,Gas,0.7584726,0.7584726
1985.092,/m/0dw9f6,Creative arts,0.74104327,0.74104327
1985.092,/m/01x5q,Ceramic,0.73784286,0.73784286
1985.094,/m/04k94,Liquid,0.9450087,0.9450087
1985.094,/m/050h26,Drinkware,0.9235245,0.9235245
1985.094,/m/0768fx,Automotive lighting,0.91587824,0.91587824
1985.094,/m/050h0q,Stemware,0.911926,0.911926
1985.094,/m/02yfx,Fluid,0.87044823,0.87044823
1985.094,/m/0h8nvcj,Barware,0.8658934,0.8658934
1985.094,/m/0h8pb3l,Automotive tire,0.86234504,0.86234504
1985.094,/m/01c6xf,Drinking water,0.82037985,0.82037985
1985.094,/m/04brg2,Tableware,0.804228,0.804228
1985.094,/m/047vmg8,Rim,0.7913161,0.7913161
1986.003,/m/05qdh,Painting,0.8461726,0.8461726
1986.003,/m/0jjw,Art,0.83757305,0.83757305
1986.003,/m/0p9xx,Visual arts,0.70796174,0.70796174
1986.003,/j/3gbwgn,People in nature,0.65763146,0.65763146
1986.003,/m/04zhd,Mythology,0.64864725,0.64864725
1986.003,/m/025s3q0,Landscape,0.6364534,0.6364534
1986.003,/m/03g3w,History,0.63536173,0.63536173
1986.003,/m/02csf,Drawing,0.614047,0.614047
1986.003,/m/066dv,Prophet,0.59337956,0.59337956
1986.003,/m/08v4gh,Vintage clothing,0.5910315,0.5910315
1986.008,/m/037p5b,Cheek,0.97937715,0.97937715
1986.008,/m/04hgtk,Head,0.9729213,0.9729213
1986.008,/m/0f9swq,Chin,0.9680188,0.9680188
1986.008,/m/06z37_,Picture frame,0.9663249,0.9663249
1986.008,/m/027n3_,Eyebrow,0.9539328,0.9539328
1986.008,/m/0ds4x,Hairstyle,0.950901,0.950901
1986.008,/m/019nj4,Smile,0.9492443,0.9492443
1986.008,/m/014sv8,Eye,0.9429055,0.9429055
1986.008,/m/01k74n,Facial expression,0.9324894,0.9324894
1986.008,/m/013y0j,Organ,0.9046501,0.9046501
1986.013,/m/03q69,Hair,0.9840525,0.9840525
1986.013,/m/027n3_,Eyebrow,0.9441187,0.9441187
1986.013,/m/014sv8,Eye,0.935016,0.935016
1986.013,/m/015h_t,Beard,0.92975414,0.92975414
1986.013,/m/06hwcd,Dress shirt,0.9061798,0.9061798
1986.013,/m/01k9lj,Jaw,0.8802905,0.8802905
1986.013,/m/062581,Sleeve,0.8684198,0.8684198
1986.013,/m/0ds5b,Facial hair,0.849396,0.849396
1986.013,/m/0286h_,Bow tie,0.84288096,0.84288096
1986.013,/m/091410,Collar,0.8413799,0.8413799
1986.025,/m/09nm_,World,0.89343274,0.89343274
1986.025,/m/0j62f,Rectangle,0.8532412,0.8532412
1986.025,/m/0jjw,Art,0.8154755,0.8154755
1986.025,/m/02q_bfg,Tints and shades,0.7684888,0.7684888
1986.025,/m/03gq5hm,Font,0.7099513,0.7099513
1986.025,/m/0p9xx,Visual arts,0.6837139,0.6837139
1986.025,/m/0d9wj,Urban design,0.6588573,0.6588573
1986.025,/m/06ht1,Room,0.6240639,0.6240639
1986.025,/m/05b5b_f,Display case,0.6231148,0.6231148
1986.025,/m/0hwky,Pattern,0.61779326,0.61779326
1986.026,/m/083vt,Wood,0.86491346,0.86491346
1986.026,/m/07sx2n,Natural material,0.863889,0.863889
1986.026,/m/052sf,Mushroom,0.72967875,0.72967875
1986.026,/m/02vwbzz,Electric blue,0.6830711,0.6830711
1986.026,/m/0463sg,Fashion accessory,0.67481494,0.67481494
1986.026,/m/03154,Fungus,0.61952025,0.61952025
1986.026,/m/01bjxj,Edible mushroom,0.61949795,0.61949795
1986.026,/m/027_ny3,Still life photography,0.5831445,0.5831445
1986.026,/m/0jh8w,Plywood,0.57608765,0.57608765
1986.026,/m/0jjw,Art,0.5261153,0.5261153
1986.027,/m/0768fx,Automotive lighting,0.913493,0.913493
1986.027,/m/037xy,Gas,0.7808369,0.7808369
1986.027,/m/02pkr5,Plumbing fixture,0.76039606,0.76039606
1986.027,/m/083vt,Wood,0.7521171,0.7521171
1986.027,/m/01vkl,Circle,0.71554303,0.71554303
1986.027,/m/04t7l,Metal,0.71338236,0.71338236
1986.027,/m/03gq5hm,Font,0.69421595,0.69421595
1986.027,/m/02q2kc3,Vehicle door,0.6560441,0.6560441
1986.027,/m/04x0wb,Handle,0.6495797,0.6495797
1986.027,/m/08dz3q,Auto part,0.60857636,0.60857636
1986.029,/m/037xy,Gas,0.77922356,0.77922356
1986.029,/m/0404d,Jewellery,0.6979001,0.6979001
1986.029,/m/04t7l,Metal,0.69017375,0.69017375
1986.029,/m/0463sg,Fashion accessory,0.67473835,0.67473835
1986.029,/m/07sx2n,Natural material,0.6648247,0.6648247
1986.029,/m/0n5v01m,Bag,0.65455955,0.65455955
1986.029,/m/08jpwt,Light fixture,0.62205064,0.62205064
1986.029,/m/02skpt,Artifact,0.6073747,0.6073747
1986.029,/m/027_ny3,Still life photography,0.60618794,0.60618794
1986.029,/m/04lbp,Leather,0.5930287,0.5930287
1986.031,/m/04brg2,Tableware,0.95207244,0.95207244
1986.031,/m/050h26,Drinkware,0.9465601,0.9465601
1986.031,/m/0h8nvk9,Dishware,0.9282957,0.9282957
1986.031,/m/07ptj3n,Cup,0.9165465,0.9165465
1986.031,/m/061wr5,Blue and white porcelain,0.90186405,0.90186405
1986.031,/m/0h8n22v,Serveware,0.8561255,0.8561255
1986.031,/m/03q5fj,Teacup,0.845624,0.845624
1986.031,/m/02p5f1q,Coffee cup,0.81344813,0.81344813
1986.031,/m/016f4d,Porcelain,0.79982007,0.79982007
1986.031,/m/050gv4,Plate,0.79917675,0.79917675
1986.034,/m/037xy,Gas,0.76762664,0.76762664
1986.034,/m/0h8n22v,Serveware,0.7328834,0.7328834
1986.034,/m/02skpt,Artifact,0.7066003,0.7066003
1986.034,/m/0404d,Jewellery,0.6990621,0.6990621
1986.034,/m/04t7l,Metal,0.69143844,0.69143844
1986.034,/m/0463sg,Fashion accessory,0.6748324,0.6748324
1986.034,/m/01vkl,Circle,0.6548153,0.6548153
1986.034,/m/039jq,Glass,0.63244206,0.63244206
1986.034,/m/081pkj,Event,0.62285805,0.62285805
1986.034,/m/027_ny3,Still life photography,0.5969841,0.5969841
1986.041,/m/050h26,Drinkware,0.88837206,0.88837206
1986.041,/m/09ggk,Purple,0.85701114,0.85701114
1986.041,/m/04k94,Liquid,0.85613656,0.85613656
1986.041,/m/0dw9f6,Creative arts,0.8422333,0.8422333
1986.041,/m/02s195,Vase,0.836963,0.836963
1986.041,/m/04dr76w,Bottle,0.83027536,0.83027536
1986.041,/m/02skpt,Artifact,0.8291969,0.8291969
1986.041,/m/0h8n22v,Serveware,0.8249619,0.8249619
1986.041,/m/0jjw,Art,0.8036855,0.8036855
1986.041,/m/064rk,Pottery,0.7844298,0.7844298
1986.042,/m/050h26,Drinkware,0.9463745,0.9463745
1986.042,/m/015p6,Bird,0.9122826,0.9122826
1986.042,/m/0h8nvk9,Dishware,0.8829457,0.8829457
1986.042,/m/0h8n22v,Serveware,0.87391776,0.87391776
1986.042,/m/04brg2,Tableware,0.8430698,0.8430698
1986.042,/m/016f4d,Porcelain,0.8342668,0.8342668
1986.042,/m/07ptj3n,Cup,0.83293796,0.83293796
1986.042,/m/064rk,Pottery,0.82327944,0.82327944
1986.042,/m/02skpt,Artifact,0.8219942,0.8219942
1986.042,/m/0jjw,Art,0.77346766,0.77346766
1986.043,/m/0h8nvk9,Dishware,0.93266016,0.93266016
1986.043,/m/062581,Sleeve,0.8712897,0.8712897
1986.043,/m/050gv4,Plate,0.8321648,0.8321648
1986.043,/m/0jjw,Art,0.82125306,0.82125306
1986.043,/m/0dw9f6,Creative arts,0.81782734,0.81782734
1986.043,/m/04brg2,Tableware,0.80824083,0.80824083
1986.043,/m/0h8n22v,Serveware,0.7997436,0.7997436
1986.043,/m/01ykh,Cuisine,0.7684359,0.7684359
1986.043,/m/016f4d,Porcelain,0.7638186,0.7638186
1986.043,/m/01vkl,Circle,0.76333916,0.76333916
1986.047,/m/04szw,Musical instrument,0.8980373,0.8980373
1986.047,/m/04brg2,Tableware,0.8533862,0.8533862
1986.047,/m/0h8n22v,Serveware,0.7859409,0.7859409
1986.047,/m/0jjw,Art,0.7770518,0.7770518
1986.047,/m/011_f4,String instrument,0.7617557,0.7617557
1986.047,/m/0h8nvk9,Dishware,0.7416589,0.7416589
1986.047,/m/064rk,Pottery,0.72565556,0.72565556
1986.047,/m/02skpt,Artifact,0.710755,0.710755
1986.047,/m/083vt,Wood,0.6707454,0.6707454
1986.047,/m/051lk3,Wooden spoon,0.66876936,0.66876936
1986.048,/m/04brg2,Tableware,0.9741448,0.9741448
1986.048,/m/050h26,Drinkware,0.9466987,0.9466987
1986.048,/m/0h8nvk9,Dishware,0.9374427,0.9374427
1986.048,/m/02p5f1q,Coffee cup,0.92624974,0.92624974
1986.048,/m/07ptj3n,Cup,0.912777,0.912777
1986.048,/m/0h8n22v,Serveware,0.86837727,0.86837727
1986.048,/m/03q5fj,Teacup,0.83562255,0.83562255
1986.048,/m/016f4d,Porcelain,0.8348763,0.8348763
1986.048,/m/064rk,Pottery,0.8252804,0.8252804
1986.048,/m/03hj559,Mixing bowl,0.81600267,0.81600267
1986.052,/m/0h8nvk9,Dishware,0.92886126,0.92886126
1986.052,/m/04brg2,Tableware,0.8443624,0.8443624
1986.052,/m/0h8n22v,Serveware,0.83168435,0.83168435
1986.052,/m/016f4d,Porcelain,0.7886383,0.7886383
1986.052,/m/099ssp,Platter,0.7494208,0.7494208
1986.052,/m/01vkl,Circle,0.743877,0.743877
1986.052,/m/050gv4,Plate,0.7408369,0.7408369
1986.052,/m/0hwky,Pattern,0.70758617,0.70758617
1986.052,/m/03gq5hm,Font,0.7060081,0.7060081
1986.052,/m/0jjw,Art,0.6927105,0.6927105
1986.054,/m/04brg2,Tableware,0.9650097,0.9650097
1986.054,/m/0h8nvk9,Dishware,0.9376419,0.9376419
1986.054,/m/050gv4,Plate,0.8910908,0.8910908
1986.054,/m/061wr5,Blue and white porcelain,0.8828418,0.8828418
1986.054,/m/0h8n22v,Serveware,0.86807364,0.86807364
1986.054,/m/050h26,Drinkware,0.86440104,0.86440104
1986.054,/m/016f4d,Porcelain,0.83031505,0.83031505
1986.054,/m/064rk,Pottery,0.82542986,0.82542986
1986.054,/m/0jjw,Art,0.7935668,0.7935668
1986.054,/m/03q7p08,earthenware,0.7849311,0.7849311
1986.056,/m/04brg2,Tableware,0.95189184,0.95189184
1986.056,/m/0h8nvk9,Dishware,0.9356306,0.9356306
1986.056,/m/0dnr7,Textile,0.8727406,0.8727406
1986.056,/m/0h8n22v,Serveware,0.86413425,0.86413425
1986.056,/m/0dw9f6,Creative arts,0.84758514,0.84758514
1986.056,/m/07xgrh,Ingredient,0.84546787,0.84546787
1986.056,/m/050gv4,Plate,0.82953423,0.82953423
1986.056,/m/016f4d,Porcelain,0.818022,0.818022
1986.056,/m/064rk,Pottery,0.8109171,0.8109171
1986.056,/m/050h26,Drinkware,0.791665,0.791665
1986.058,/m/04brg2,Tableware,0.9716546,0.9716546
1986.058,/m/0h8nvk9,Dishware,0.93399477,0.93399477
1986.058,/m/0h8n22v,Serveware,0.8654984,0.8654984
1986.058,/m/050gv4,Plate,0.83700776,0.83700776
1986.058,/m/016f4d,Porcelain,0.8007799,0.8007799
1986.058,/m/0zvk5,Helmet,0.79923487,0.79923487
1986.058,/m/03hlz0c,Kitchen utensil,0.7656679,0.7656679
1986.058,/m/01ykh,Cuisine,0.7635163,0.7635163
1986.058,/m/01mr6j,Cookware and bakeware,0.76037264,0.76037264
1986.058,/m/064rk,Pottery,0.7563267,0.7563267
1986.066,/m/0h8n22v,Serveware,0.8022538,0.8022538
1986.066,/m/01x3z,Clock,0.778739,0.778739
1986.066,/m/02skpt,Artifact,0.76003236,0.76003236
1986.066,/m/0404d,Jewellery,0.7587795,0.7587795
1986.066,/m/0h8kxbv,Body jewelry,0.7389258,0.7389258
1986.066,/m/01vkl,Circle,0.7122984,0.7122984
1986.066,/m/04t7l,Metal,0.7047914,0.7047914
1986.066,/m/0463sg,Fashion accessory,0.67083454,0.67083454
1986.066,/m/01s_bn,Button,0.6666774,0.6666774
1986.066,/m/01brf,Bronze,0.6500769,0.6500769
1986.067,/m/0h8nvk9,Dishware,0.9188786,0.9188786
1986.067,/m/05s2s,Plant,0.83982235,0.83982235
1986.067,/m/04brg2,Tableware,0.83759356,0.83759356
1986.067,/m/0h8n22v,Serveware,0.8207766,0.8207766
1986.067,/m/02chd9,Brush,0.7994201,0.7994201
1986.067,/m/04bcr3,Table,0.79545075,0.79545075
1986.067,/m/083vt,Wood,0.7696276,0.7696276
1986.067,/m/0404d,Jewellery,0.7403259,0.7403259
1986.067,/m/016f4d,Porcelain,0.72456324,0.72456324
1986.067,/m/03hlz0c,Kitchen utensil,0.72411805,0.72411805
1986.076,/m/0jjw,Art,0.85284877,0.85284877
1986.076,/m/05qdh,Painting,0.82813984,0.82813984
1986.076,/m/02q_bfg,Tints and shades,0.7575189,0.7575189
1986.076,/m/0h90w5d,Art paint,0.7211086,0.7211086
1986.076,/m/0p9xx,Visual arts,0.70356643,0.70356643
1986.076,/m/02csf,Drawing,0.6759462,0.6759462
1986.076,/m/08v4gh,Vintage clothing,0.6599018,0.6599018
1986.076,/m/015c4z,Sitting,0.6472585,0.6472585
1986.076,/m/0266180,Self-portrait,0.632602,0.632602
1986.076,/m/04zhd,Mythology,0.6321426,0.6321426
1987.003,/m/0h8nvk9,Dishware,0.87929595,0.87929595
1987.003,/m/0h8n22v,Serveware,0.8280414,0.8280414
1987.003,/m/061wr5,Blue and white porcelain,0.82787645,0.82787645
1987.003,/m/016f4d,Porcelain,0.77433264,0.77433264
1987.003,/m/02rdsp,Office supplies,0.7480471,0.7480471
1987.003,/m/0j62f,Rectangle,0.7414308,0.7414308
1987.003,/m/03gq5hm,Font,0.72984296,0.72984296
1987.003,/m/02vwbzz,Electric blue,0.70391464,0.70391464
1987.003,/m/0n5v01m,Bag,0.6760955,0.6760955
1987.003,/m/04t7l,Metal,0.6724266,0.6724266
1987.007,/m/02yfx,Fluid,0.8601476,0.8601476
1987.007,/m/04k94,Liquid,0.8386902,0.8386902
1987.007,/m/04wnmd,Fixture,0.77981967,0.77981967
1987.007,/m/037xy,Gas,0.77343655,0.77343655
1987.007,/m/0129f4,Chemical compound,0.66567504,0.66567504
1987.007,/m/039jq,Glass,0.65086514,0.65086514
1987.007,/m/01z8xy,Transparency,0.62327933,0.62327933
1987.007,/m/0j62f,Rectangle,0.61292505,0.61292505
1987.007,/m/03gq5hm,Font,0.6019494,0.6019494
1987.007,/m/04t7l,Metal,0.5924931,0.5924931
1987.014,/m/06msq,Sculpture,0.86534464,0.86534464
1987.014,/m/013_1c,Statue,0.86441886,0.86441886
1987.014,/m/0jjw,Art,0.7999008,0.7999008
1987.014,/m/083vt,Wood,0.764351,0.764351
1987.014,/m/0h8n22v,Serveware,0.75592685,0.75592685
1987.014,/m/0138tl,Toy,0.7433351,0.7433351
1987.014,/m/03gq5hm,Font,0.72154284,0.72154284
1987.014,/m/01x5q,Ceramic,0.69860345,0.69860345
1987.014,/m/095yjj,Classical sculpture,0.6919734,0.6919734
1987.014,/m/01yx86,Bronze sculpture,0.68990153,0.68990153
1987.015,/m/083vt,Wood,0.85340685,0.85340685
1987.015,/m/0h8nvk9,Dishware,0.7877103,0.7877103
1987.015,/m/0jjw,Art,0.783405,0.783405
1987.015,/m/02skpt,Artifact,0.7287243,0.7287243
1987.015,/m/03gfsp,Ceiling,0.71898174,0.71898174
1987.015,/m/04t7l,Metal,0.6739539,0.6739539
1987.015,/m/0463sg,Fashion accessory,0.67335045,0.67335045
1987.015,/m/0h8n22v,Serveware,0.64900017,0.64900017
1987.015,/m/03gq5hm,Font,0.6263671,0.6263671
1987.015,/m/01x5q,Ceramic,0.61293894,0.61293894
1987.020,/m/04brg2,Tableware,0.95874697,0.95874697
1987.020,/m/0h8nvk9,Dishware,0.93200296,0.93200296
1987.020,/m/050h26,Drinkware,0.92598283,0.92598283
1987.020,/m/07ptj3n,Cup,0.9006583,0.9006583
1987.020,/m/0h8n22v,Serveware,0.84605783,0.84605783
1987.020,/m/03hj559,Mixing bowl,0.829752,0.829752
1987.020,/m/016f4d,Porcelain,0.8132591,0.8132591
1987.020,/m/08gqpm,Cup,0.71014184,0.71014184
1987.020,/m/03gq5hm,Font,0.6894974,0.6894974
1987.020,/m/0271t,Drink,0.67362946,0.67362946
1987.021,/m/0h8nvk9,Dishware,0.92569166,0.92569166
1987.021,/m/0h8n22v,Serveware,0.8337701,0.8337701
1987.021,/m/0jjw,Art,0.82227224,0.82227224
1987.021,/m/0dw9f6,Creative arts,0.81424814,0.81424814
1987.021,/m/06msq,Sculpture,0.8100503,0.8100503
1987.021,/m/016f4d,Porcelain,0.78646606,0.78646606
1987.021,/m/01x5q,Ceramic,0.7218779,0.7218779
1987.021,/m/039jq,Glass,0.6706851,0.6706851
1987.021,/m/081pkj,Event,0.65413624,0.65413624
1987.021,/m/02skpt,Artifact,0.6476894,0.6476894
1987.022,/m/04brg2,Tableware,0.97055876,0.97055876
1987.022,/m/050h26,Drinkware,0.9485475,0.9485475
1987.022,/m/0h8nvk9,Dishware,0.93522054,0.93522054
1987.022,/m/07ptj3n,Cup,0.91218746,0.91218746
1987.022,/m/061wr5,Blue and white porcelain,0.9042976,0.9042976
1987.022,/m/050gv4,Plate,0.87553096,0.87553096
1987.022,/m/03hj559,Mixing bowl,0.87463766,0.87463766
1987.022,/m/0h8n22v,Serveware,0.863151,0.863151
1987.022,/m/016f4d,Porcelain,0.8324339,0.8324339
1987.022,/m/064rk,Pottery,0.82503426,0.82503426
1987.023,/m/0838f,Water,0.9502743,0.9502743
1987.023,/m/04wv_,Moon,0.92148453,0.92148453
1987.023,/m/05h0n,Nature,0.8994708,0.8994708
1987.023,/m/01bqvp,Sky,0.8893965,0.8893965
1987.023,/m/0jjw,Art,0.8681741,0.8681741
1987.023,/m/083vt,Wood,0.8340545,0.8340545
1987.023,/m/05qdh,Painting,0.82249856,0.82249856
1987.023,/m/01rzcn,Watercraft,0.81162596,0.81162596
1987.023,/m/04h4w,Lake,0.7846922,0.7846922
1987.023,/m/0j62f,Rectangle,0.76544005,0.76544005
1987.024,/m/04brg2,Tableware,0.9607482,0.9607482
1987.024,/m/050h26,Drinkware,0.9472029,0.9472029
1987.024,/m/0h8nvk9,Dishware,0.93581915,0.93581915
1987.024,/m/07ptj3n,Cup,0.9154735,0.9154735
1987.024,/m/0h8n22v,Serveware,0.8653753,0.8653753
1987.024,/m/016f4d,Porcelain,0.838296,0.838296
1987.024,/m/08gqpm,Cup,0.7470551,0.7470551
1987.024,/m/01x5q,Ceramic,0.73868823,0.73868823
1987.024,/m/03hj559,Mixing bowl,0.7214516,0.7214516
1987.024,/m/05z87,Plastic,0.7129217,0.7129217
1987.025,/m/0fy__,Wax,0.83944577,0.83944577
1987.025,/m/0dw9f6,Creative arts,0.82745934,0.82745934
1987.025,/m/02skpt,Artifact,0.8268314,0.8268314
1987.025,/m/03h_4m,Cylinder,0.8120248,0.8120248
1987.025,/m/0jjw,Art,0.8095117,0.8095117
1987.025,/m/02s195,Vase,0.80296606,0.80296606
1987.025,/m/037xy,Gas,0.7806028,0.7806028
1987.025,/m/01x5q,Ceramic,0.72418475,0.72418475
1987.025,/m/064rk,Pottery,0.68217623,0.68217623
1987.025,/m/016f4d,Porcelain,0.66521734,0.66521734
1987.030,/m/04brg2,Tableware,0.95280635,0.95280635
1987.030,/m/0h8nvk9,Dishware,0.9358859,0.9358859
1987.030,/m/01g5v,Blue,0.9004662,0.9004662
1987.030,/m/050gv4,Plate,0.89469296,0.89469296
1987.030,/m/061wr5,Blue and white porcelain,0.87187827,0.87187827
1987.030,/m/0h8n22v,Serveware,0.8679182,0.8679182
1987.030,/m/064rk,Pottery,0.8241557,0.8241557
1987.030,/m/016f4d,Porcelain,0.8134422,0.8134422
1987.030,/m/0dw9f6,Creative arts,0.79051036,0.79051036
1987.030,/m/03q7p08,earthenware,0.7660418,0.7660418
1987.034,/m/02s195,Vase,0.92902887,0.92902887
1987.034,/m/0h8n22v,Serveware,0.8518364,0.8518364
1987.034,/m/02skpt,Artifact,0.8507124,0.8507124
1987.034,/m/0dw9f6,Creative arts,0.82476795,0.82476795
1987.034,/m/0jjw,Art,0.8102667,0.8102667
1987.034,/m/016f4d,Porcelain,0.7928893,0.7928893
1987.034,/m/064rk,Pottery,0.7734194,0.7734194
1987.034,/m/01x5q,Ceramic,0.7316988,0.7316988
1987.034,/m/039jq,Glass,0.7264133,0.7264133
1987.034,/m/03q7p08,earthenware,0.7186994,0.7186994
1987.035,/m/04brg2,Tableware,0.96120507,0.96120507
1987.035,/m/0h8nvk9,Dishware,0.930546,0.930546
1987.035,/m/0h8n22v,Serveware,0.86768234,0.86768234
1987.035,/m/07sx2n,Natural material,0.85618657,0.85618657
1987.035,/m/03hj559,Mixing bowl,0.8491688,0.8491688
1987.035,/m/0dw9f6,Creative arts,0.8398731,0.8398731
1987.035,/m/016f4d,Porcelain,0.7676306,0.7676306
1987.035,/m/04kkgm,Bowl,0.7630508,0.7630508
1987.035,/m/01vkl,Circle,0.73434705,0.73434705
1987.035,/m/01x5q,Ceramic,0.67561764,0.67561764
1987.037,/m/0h8nvk9,Dishware,0.8979509,0.8979509
1987.037,/m/03jn2m,Azure,0.8937011,0.8937011
1987.037,/m/0j62f,Rectangle,0.865855,0.865855
1987.037,/m/0dw9f6,Creative arts,0.84291446,0.84291446
1987.037,/m/0jjw,Art,0.830074,0.830074
1987.037,/m/016f4d,Porcelain,0.82861394,0.82861394
1987.037,/m/0h8n22v,Serveware,0.82398605,0.82398605
1987.037,/m/061wr5,Blue and white porcelain,0.8223723,0.8223723
1987.037,/m/0h8kxbv,Body jewelry,0.8038246,0.8038246
1987.037,/m/02vwbzz,Electric blue,0.7618949,0.7618949
1987.038,/m/04brg2,Tableware,0.9689215,0.9689215
1987.038,/m/0h8nvk9,Dishware,0.9374608,0.9374608
1987.038,/m/05s2s,Plant,0.9329463,0.9329463
1987.038,/m/0h8n22v,Serveware,0.8695152,0.8695152
1987.038,/m/07j7r,Tree,0.85250974,0.85250974
1987.038,/m/016f4d,Porcelain,0.8321874,0.8321874
1987.038,/m/050gv4,Plate,0.8049906,0.8049906
1987.038,/m/01vkl,Circle,0.7521096,0.7521096
1987.038,/m/01x5q,Ceramic,0.7326437,0.7326437
1987.038,/m/099ssp,Platter,0.7026562,0.7026562
1987.039,/m/04brg2,Tableware,0.95628864,0.95628864
1987.039,/m/0h8nvk9,Dishware,0.9292363,0.9292363
1987.039,/m/061wr5,Blue and white porcelain,0.86549383,0.86549383
1987.039,/m/0h8pb3l,Automotive tire,0.86205524,0.86205524
1987.039,/m/050gv4,Plate,0.84355515,0.84355515
1987.039,/m/07xgrh,Ingredient,0.84204507,0.84204507
1987.039,/m/0h8n22v,Serveware,0.8370726,0.8370726
1987.039,/m/064rk,Pottery,0.8121222,0.8121222
1987.039,/m/04kkgm,Bowl,0.8042644,0.8042644
1987.039,/m/016f4d,Porcelain,0.797384,0.797384
1987.041,/m/04brg2,Tableware,0.9720141,0.9720141
1987.041,/m/05s2s,Plant,0.95184463,0.95184463
1987.041,/m/050h26,Drinkware,0.93722147,0.93722147
1987.041,/m/0h8nvk9,Dishware,0.93469036,0.93469036
1987.041,/m/050gv4,Plate,0.90280557,0.90280557
1987.041,/m/07ptj3n,Cup,0.90136594,0.90136594
1987.041,/m/03q5c7,Saucer,0.8699746,0.8699746
1987.041,/m/0h8n22v,Serveware,0.86400694,0.86400694
1987.041,/m/0c9ph5,Flower,0.8540366,0.8540366
1987.041,/m/016f4d,Porcelain,0.8492587,0.8492587
1987.048,/m/04brg2,Tableware,0.9573236,0.9573236
1987.048,/m/0h8nvk9,Dishware,0.9335172,0.9335172
1987.048,/m/083jv,White,0.92185974,0.92185974
1987.048,/m/050h26,Drinkware,0.91475344,0.91475344
1987.048,/m/01g5v,Blue,0.9141601,0.9141601
1987.048,/m/061wr5,Blue and white porcelain,0.8745116,0.8745116
1987.048,/m/0h8n22v,Serveware,0.86184096,0.86184096
1987.048,/m/050gv4,Plate,0.83984524,0.83984524
1987.048,/m/07ptj3n,Cup,0.8164128,0.8164128
1987.048,/m/016f4d,Porcelain,0.8105204,0.8105204
1987.049,/m/0h8nvk9,Dishware,0.90937966,0.90937966
1987.049,/m/02skpt,Artifact,0.808771,0.808771
1987.049,/m/0h8n22v,Serveware,0.79511464,0.79511464
1987.049,/m/03cny9,Badge,0.77197176,0.77197176
1987.049,/m/0jjw,Art,0.7635623,0.7635623
1987.049,/m/03gq5hm,Font,0.7625939,0.7625939
1987.049,/m/061wr5,Blue and white porcelain,0.74805987,0.74805987
1987.049,/m/01vkl,Circle,0.74537045,0.74537045
1987.049,/m/09ddf,Symbol,0.72720116,0.72720116
1987.049,/m/01x5q,Ceramic,0.7224928,0.7224928
1987.052,/m/04brg2,Tableware,0.95990944,0.95990944
1987.052,/m/0h8nvk9,Dishware,0.9346826,0.9346826
1987.052,/m/050gv4,Plate,0.89304894,0.89304894
1987.052,/m/0h8n22v,Serveware,0.8589753,0.8589753
1987.052,/m/061wr5,Blue and white porcelain,0.82791907,0.82791907
1987.052,/m/016f4d,Porcelain,0.80370563,0.80370563
1987.052,/m/064rk,Pottery,0.7571671,0.7571671
1987.052,/m/01vkl,Circle,0.7557728,0.7557728
1987.052,/m/0hwky,Pattern,0.7548426,0.7548426
1987.052,/m/099ssp,Platter,0.7421611,0.7421611
1987.056,/m/06msq,Sculpture,0.8090772,0.8090772
1987.056,/m/015p6,Bird,0.8075817,0.8075817
1987.056,/m/01c4rd,Beak,0.7803369,0.7803369
1987.056,/m/02xwb,Fruit,0.7696306,0.7696306
1987.056,/m/0h8n22v,Serveware,0.7504793,0.7504793
1987.056,/m/0h8pb3l,Automotive tire,0.71966684,0.71966684
1987.056,/m/04brg2,Tableware,0.69859564,0.69859564
1987.056,/m/03hlz0c,Kitchen utensil,0.6895982,0.6895982
1987.056,/m/0jjw,Art,0.68186283,0.68186283
1987.056,/m/02w98,Falconiformes,0.6550007,0.6550007
1987.057,/m/0h8nvk9,Dishware,0.89752537,0.89752537
1987.057,/m/0h8n22v,Serveware,0.84417963,0.84417963
1987.057,/m/02skpt,Artifact,0.7840799,0.7840799
1987.057,/m/016f4d,Porcelain,0.7727804,0.7727804
1987.057,/m/0jjw,Art,0.76912564,0.76912564
1987.057,/m/0h8pb3l,Automotive tire,0.7588738,0.7588738
1987.057,/m/064rk,Pottery,0.73842704,0.73842704
1987.057,/m/01vkl,Circle,0.73524594,0.73524594
1987.057,/m/02vwbzz,Electric blue,0.7281729,0.7281729
1987.057,/m/09ddf,Symbol,0.7267857,0.7267857
1987.058,/m/02s195,Vase,0.9001785,0.9001785
1987.058,/m/016f4d,Porcelain,0.8461536,0.8461536
1987.058,/m/02skpt,Artifact,0.8364132,0.8364132
1987.058,/m/064rk,Pottery,0.83545935,0.83545935
1987.058,/m/03rnxq,Souvenir,0.829033,0.829033
1987.058,/m/0dw9f6,Creative arts,0.82545173,0.82545173
1987.058,/m/0h8n22v,Serveware,0.8227268,0.8227268
1987.058,/m/0jjw,Art,0.81586766,0.81586766
1987.058,/m/03q7p08,earthenware,0.7875274,0.7875274
1987.058,/m/037xy,Gas,0.78075224,0.78075224
1987.060,/m/04brg2,Tableware,0.9649143,0.9649143
1987.060,/m/0c9ph5,Flower,0.94166374,0.94166374
1987.060,/m/0h8nvk9,Dishware,0.9336298,0.9336298
1987.060,/m/05s2s,Plant,0.8795932,0.8795932
1987.060,/m/0h8n22v,Serveware,0.8632705,0.8632705
1987.060,/m/050gv4,Plate,0.86228067,0.86228067
1987.060,/m/0dw9f6,Creative arts,0.848723,0.848723
1987.060,/m/016f4d,Porcelain,0.8402148,0.8402148
1987.060,/m/064rk,Pottery,0.8137774,0.8137774
1987.060,/m/0jjw,Art,0.8137182,0.8137182
1988.001,/m/0jjw,Art,0.8032321,0.8032321
1988.001,/m/05qdh,Painting,0.77689064,0.77689064
1988.001,/m/083vt,Wood,0.77242196,0.77242196
1988.001,/m/01kr8f,Illustration,0.6908497,0.6908497
1988.001,/m/0p9xx,Visual arts,0.672671,0.672671
1988.001,/m/02csf,Drawing,0.6638605,0.6638605
1988.001,/m/03g3w,History,0.6631836,0.6631836
1988.001,/m/0bp7w,Printmaking,0.6385221,0.6385221
1988.001,/m/06z37_,Picture frame,0.6049145,0.6049145
1988.001,/m/03gq5hm,Font,0.59883714,0.59883714
1988.004,/m/01bwr,Botany,0.8950556,0.8950556
1988.004,/m/03gq5hm,Font,0.8222976,0.8222976
1988.004,/m/0jjw,Art,0.7991715,0.7991715
1988.004,/m/05s2s,Plant,0.7562609,0.7562609
1988.004,/m/01vkl,Circle,0.72394365,0.72394365
1988.004,/m/05qdh,Painting,0.7148651,0.7148651
1988.004,/m/01kr8f,Illustration,0.70587623,0.70587623
1988.004,/m/03g3w,History,0.66439825,0.66439825
1988.004,/m/0p9xx,Visual arts,0.644651,0.644651
1988.004,/m/036jvk,Stock photography,0.6212579,0.6212579
1988.005,/m/0dnr7,Textile,0.8774234,0.8774234
1988.005,/m/0j62f,Rectangle,0.8458516,0.8458516
1988.005,/m/03gq5hm,Font,0.8057441,0.8057441
1988.005,/m/0jjw,Art,0.7842991,0.7842991
1988.005,/m/05qdh,Painting,0.7588895,0.7588895
1988.005,/m/01vkl,Circle,0.72508895,0.72508895
1988.005,/m/01kr8f,Illustration,0.6898827,0.6898827
1988.005,/m/03g3w,History,0.67893875,0.67893875
1988.005,/m/065zs54,Holy places,0.664987,0.664987
1988.005,/m/0p9xx,Visual arts,0.62060225,0.62060225
1988.006,/m/0cblv,Ecoregion,0.92106926,0.92106926
1988.006,/m/01bqvp,Sky,0.8824844,0.8824844
1988.006,/m/07_gml,Working animal,0.868539,0.868539
1988.006,/m/06_dn,Snow,0.8681035,0.8681035
1988.006,/m/05s2s,Plant,0.8656964,0.8656964
1988.006,/m/0jjw,Art,0.8310497,0.8310497
1988.006,/m/05qdh,Painting,0.82832634,0.82832634
1988.006,/m/025s3q0,Landscape,0.79530823,0.79530823
1988.006,/m/07j7r,Tree,0.7909514,0.7909514
1988.006,/m/01f4td,Rural area,0.7822584,0.7822584
1988.010,/m/05s2s,Plant,0.93962616,0.93962616
1988.010,/m/0cblv,Ecoregion,0.9211183,0.9211183
1988.010,/m/07j7r,Tree,0.87345564,0.87345564
1988.010,/m/083vt,Wood,0.85481036,0.85481036
1988.010,/m/0jjw,Art,0.8272911,0.8272911
1988.010,/m/0276krm,Fawn,0.81532496,0.81532496
1988.010,/j/3gbwgn,People in nature,0.80835074,0.80835074
1988.010,/m/01bqvp,Sky,0.77804244,0.77804244
1988.010,/m/05qdh,Painting,0.7755919,0.7755919
1988.010,/m/025s3q0,Landscape,0.77540374,0.77540374
1988.014,/g/1tr17zw8,Flash photography,0.840472,0.840472
1988.014,/m/01d40f,Dress,0.8404348,0.8404348
1988.014,/m/0jjw,Art,0.83656067,0.83656067
1988.014,/m/05qdh,Painting,0.7976162,0.7976162
1988.014,/m/02q_bfg,Tints and shades,0.7715063,0.7715063
1988.014,/m/02tx1k,Cg artwork,0.75533295,0.75533295
1988.014,/m/01kyr8,Darkness,0.7024819,0.7024819
1988.014,/m/081pkj,Event,0.69588363,0.69588363
1988.014,/m/0p9xx,Visual arts,0.68932605,0.68932605
1988.014,/m/06ht1,Room,0.6535264,0.6535264
1988.026,/m/062581,Sleeve,0.8677631,0.8677631
1988.026,/m/01443y,Headgear,0.8084479,0.8084479
1988.026,/m/0jjw,Art,0.8043313,0.8043313
1988.026,/m/03r_vp,Adaptation,0.79209256,0.79209256
1988.026,/m/05qdh,Painting,0.75190187,0.75190187
1988.026,/m/08v4gh,Vintage clothing,0.70240325,0.70240325
1988.026,/m/0p9xx,Visual arts,0.6887685,0.6887685
1988.026,/m/0j62f,Rectangle,0.6799026,0.6799026
1988.026,/m/02dl1y,Hat,0.6659604,0.6659604
1988.026,/m/02csf,Drawing,0.6594776,0.6594776
1988.029,/m/062581,Sleeve,0.87214494,0.87214494
1988.029,/m/0jjw,Art,0.7892468,0.7892468
1988.029,/m/02dl1y,Hat,0.7362617,0.7362617
1988.029,/m/091410,Collar,0.7134523,0.7134523
1988.029,/m/0hwky,Pattern,0.7106132,0.7106132
1988.029,/m/05s2s,Plant,0.7068394,0.7068394
1988.029,/m/02csf,Drawing,0.6928791,0.6928791
1988.029,/m/04k9l1,Frock coat,0.67765063,0.67765063
1988.029,/m/01kr8f,Illustration,0.6751429,0.6751429
1988.029,/m/08v4gh,Vintage clothing,0.6480618,0.6480618
1988.030,/m/0jjw,Art,0.8467791,0.8467791
1988.030,/m/03gq5hm,Font,0.84512246,0.84512246
1988.030,/m/01n5jq,Poster,0.8159406,0.8159406
1988.030,/m/021sdg,Graphics,0.6748405,0.6748405
1988.030,/m/01kr8f,Illustration,0.67055964,0.67055964
1988.030,/m/0j62f,Rectangle,0.64965296,0.64965296
1988.030,/m/0dwx7,Logo,0.63194567,0.63194567
1988.030,/m/0p9xx,Visual arts,0.62694776,0.62694776
1988.030,/m/03c31,Graphic design,0.6086735,0.6086735
1988.030,/m/05qdh,Painting,0.6024078,0.6024078
1988.034,/m/0jjw,Art,0.7886658,0.7886658
1988.034,/m/05qdh,Painting,0.7584204,0.7584204
1988.034,/m/01kr8f,Illustration,0.72739774,0.72739774
1988.034,/m/02h7lkt,Fictional character,0.72393537,0.72393537
1988.034,/m/02csf,Drawing,0.6934693,0.6934693
1988.034,/m/05s2s,Plant,0.68973505,0.68973505
1988.034,/m/0bp7w,Printmaking,0.68455195,0.68455195
1988.034,/m/0p9xx,Visual arts,0.66451675,0.66451675
1988.034,/m/04zhd,Mythology,0.648752,0.648752
1988.034,/m/03g3w,History,0.607491,0.607491
1988.045,/m/0jjw,Art,0.85024434,0.85024434
1988.045,/m/03gq5hm,Font,0.761046,0.761046
1988.045,/m/08v4gh,Vintage clothing,0.7538818,0.7538818
1988.045,/m/05qdh,Painting,0.7525171,0.7525171
1988.045,/m/01kr8f,Illustration,0.72438556,0.72438556
1988.045,/m/0j62f,Rectangle,0.6960963,0.6960963
1988.045,/m/0dw9f6,Creative arts,0.6687528,0.6687528
1988.045,/m/0p9xx,Visual arts,0.66448706,0.66448706
1988.045,/m/0hwky,Pattern,0.6489556,0.6489556
1988.045,/m/0bp7w,Printmaking,0.6037881,0.6037881
1988.046,/m/03scnj,Line,0.8182051,0.8182051
1988.046,/m/0gkxy13,Handwriting,0.7708546,0.7708546
1988.046,/m/0jjw,Art,0.7606096,0.7606096
1988.046,/m/0dw9f6,Creative arts,0.75304,0.75304
1988.046,/m/0j62f,Rectangle,0.72764415,0.72764415
1988.046,/m/03gq5hm,Font,0.7188424,0.7188424
1988.046,/m/01kr8f,Illustration,0.6956339,0.6956339
1988.046,/m/02csf,Drawing,0.6920038,0.6920038
1988.046,/m/0641k,Paper,0.6561,0.6561
1988.046,/m/0bt_c3,Book,0.64617896,0.64617896
1988.077,/m/083vt,Wood,0.8661746,0.8661746
1988.077,/m/0244x1,Gesture,0.852536,0.852536
1988.077,/m/0jjw,Art,0.83567035,0.83567035
1988.077,/m/06msq,Sculpture,0.8179645,0.8179645
1988.077,/m/0dw9f6,Creative arts,0.7992302,0.7992302
1988.077,/m/02skpt,Artifact,0.73494494,0.73494494
1988.077,/m/03gq5hm,Font,0.72412455,0.72412455
1988.077,/m/04t7l,Metal,0.69827986,0.69827986
1988.077,/m/0242l,Coin,0.68687856,0.68687856
1988.077,/m/03rnxq,Souvenir,0.6610766,0.6610766
1988.078,/m/0jjw,Art,0.8432119,0.8432119
1988.078,/m/05qdh,Painting,0.79133505,0.79133505
1988.078,/m/08v4gh,Vintage clothing,0.72330827,0.72330827
1988.078,/m/01kr8f,Illustration,0.7112607,0.7112607
1988.078,/m/0p9xx,Visual arts,0.6999471,0.6999471
1988.078,/m/02csf,Drawing,0.6831599,0.6831599
1988.078,/m/03g3w,History,0.6479933,0.6479933
1988.078,/m/036jvk,Stock photography,0.6387677,0.6387677
1988.078,/m/01spzs,Still life,0.5781429,0.5781429
1988.078,/m/01ys2s,Antique,0.577654,0.577654
1988.079,/m/05s2s,Plant,0.9138491,0.9138491
1988.079,/m/0fbflw,Terrestrial plant,0.8133037,0.8133037
1988.079,/m/05qdh,Painting,0.7714025,0.7714025
1988.079,/m/01kr8f,Illustration,0.7204603,0.7204603
1988.079,/m/0jjw,Art,0.7102444,0.7102444
1988.079,/m/02csf,Drawing,0.69553906,0.69553906
1988.079,/m/0bp7w,Printmaking,0.54450965,0.54450965
1988.079,/m/04sjm,Flowering plant,0.5242075,0.5242075
1988.081,/m/015p6,Bird,0.97230667,0.97230667
1988.081,/m/05s2s,Plant,0.91404104,0.91404104
1988.081,/m/01c4rd,Beak,0.8579034,0.8579034
1988.081,/m/05qdh,Painting,0.84151495,0.84151495
1988.081,/m/03bx1ft,Bird nest,0.83258134,0.83258134
1988.081,/m/0jjw,Art,0.79380685,0.79380685
1988.081,/m/0dfgf,Feather,0.77310264,0.77310264
1988.081,/m/02p0_xl,Waterfowl,0.7316362,0.7316362
1988.081,/m/01kr8f,Illustration,0.73117965,0.73117965
1988.081,/m/02csf,Drawing,0.7238029,0.7238029
1988.091,/m/05s2s,Plant,0.96396387,0.96396387
1988.091,/m/0csby,Cloud,0.9004676,0.9004676
1988.091,/m/07j7r,Tree,0.89548224,0.89548224
1988.091,/m/03jm5,House,0.86452705,0.86452705
1988.091,/m/01bqvp,Sky,0.8530882,0.8530882
1988.091,/m/0jjw,Art,0.84673715,0.84673715
1988.091,/m/05qdh,Painting,0.8374144,0.8374144
1988.091,/m/025s3q0,Landscape,0.7986922,0.7986922
1988.091,/m/01f4td,Rural area,0.79587567,0.79587567
1988.091,/m/03r_vp,Adaptation,0.7918565,0.7918565
1988.092,/m/05s2s,Plant,0.9528219,0.9528219
1988.092,/m/01bqvp,Sky,0.8903715,0.8903715
1988.092,/m/0cgh4,Building,0.86638856,0.86638856
1988.092,/m/07j7r,Tree,0.85368145,0.85368145
1988.092,/m/07_gml,Working animal,0.85210633,0.85210633
1988.092,/m/0jjw,Art,0.85134923,0.85134923
1988.092,/m/05qdh,Painting,0.84542334,0.84542334
1988.092,/m/03jm5,House,0.82854635,0.82854635
1988.092,/m/01f4td,Rural area,0.78946704,0.78946704
1988.092,/m/025s3q0,Landscape,0.7692986,0.7692986
1988.093,/m/05s2s,Plant,0.9722625,0.9722625
1988.093,/m/07j7r,Tree,0.8753883,0.8753883
1988.093,/m/0csby,Cloud,0.8483391,0.8483391
1988.093,/m/0cgh4,Building,0.84776396,0.84776396
1988.093,/m/01bqvp,Sky,0.82943064,0.82943064
1988.093,/m/05qdh,Painting,0.8289448,0.8289448
1988.093,/m/0jjw,Art,0.8287441,0.8287441
1988.093,/m/03d28y3,Natural landscape,0.79804957,0.79804957
1988.093,/m/03r_vp,Adaptation,0.79356587,0.79356587
1988.093,/m/025s3q0,Landscape,0.79092616,0.79092616
1988.094,/m/03k3r,Horse,0.95295596,0.95295596
1988.094,/m/09686,Vertebrate,0.92061704,0.92061704
1988.094,/m/07j7r,Tree,0.87218624,0.87218624
1988.094,/m/05s2s,Plant,0.86008495,0.86008495
1988.094,/m/04rky,Mammal,0.85732484,0.85732484
1988.094,/m/07_gml,Working animal,0.84639275,0.84639275
1988.094,/m/0jjw,Art,0.8354563,0.8354563
1988.094,/m/05qdh,Painting,0.8099837,0.8099837
1988.094,/m/03jm5,House,0.79297084,0.79297084
1988.094,/m/083vt,Wood,0.74991363,0.74991363
1988.096,/m/03gq5hm,Font,0.8408413,0.8408413
1988.096,/m/0jjw,Art,0.8364117,0.8364117
1988.096,/m/01kr8f,Illustration,0.7271389,0.7271389
1988.096,/m/02csf,Drawing,0.705336,0.705336
1988.096,/m/03g3w,History,0.68480486,0.68480486
1988.096,/m/05qdh,Painting,0.6674348,0.6674348
1988.096,/m/0p9xx,Visual arts,0.66569436,0.66569436
1988.096,/m/0j62f,Rectangle,0.6506249,0.6506249
1988.096,/m/036jvk,Stock photography,0.6478943,0.6478943
1988.096,/m/081pkj,Event,0.644374,0.644374
1988.097,/m/01d40f,Dress,0.9125502,0.9125502
1988.097,/m/062581,Sleeve,0.8722076,0.8722076
1988.097,/m/02c66t,Wedding dress,0.86679363,0.86679363
1988.097,/m/05s2s,Plant,0.8656084,0.8656084
1988.097,/m/0bp_2p,Gown,0.86374617,0.86374617
1988.097,/m/0133pl,Victorian fashion,0.85974634,0.85974634
1988.097,/m/0jjw,Art,0.8167444,0.8167444
1988.097,/m/02qqd4n,Fashion design,0.7978523,0.7978523
1988.097,/m/02w3_2,Formal wear,0.78978705,0.78978705
1988.097,/g/12233hjw,Classic,0.7808629,0.7808629
