qid,label_en,issn_uuid,issn,issn_distribution_format,issn_start_time_nodeId,issn_start_time_val,issn_start_time_prec,issn_ref1_hash,issn_ref1_statedIn,issn_ref1_referenceUrl,issn_ref1_retrieved_nodeId,issn_ref1_retrieved_val,issn_ref1_retrieved_prec
Q100138720,Mari Annales de Recherches Interdisciplinaires,573b13f2-42d7-f3d3-96dd-044c0176c1e8,0757-228X,Q1261026,,,,,,,,,
Q100144386,NABU Nouvelles Assyriologiques Breves et Utilitaires,996d1ec1-4163-00dc-3b37-5c588a37bb10,0989-5671,Q1261026,,,,,,,,,
Q100145461,Ideas: From the National Humanities Center,dff0b98a-40ff-a43b-2823-d98f9add5c58,1068-0454,Q1261026,,,,,,,,,
Q100152626,Orientalia,76b5697e-43fe-6678-bcfc-59c5b340f3d5,0030-5367,Q1261026,,,,,,,,,
Q100152964,Revue Hittite et Asianique,d3ed9ae5-41ed-2193-cb41-9731c79c83ff,0080-2603,Q1261026,,,,,,,,,
Q100203879,Essedue Edizioni,,,,,,,,,,,,
Q100326549,Bulletin dei verbum,,,,,,,,,,,,
Q100326621,"Listening: journal of communication ethics, religion, and culture",1e4e1da3-422f-1e63-5b7b-7157435a8c3b,0024-4414,Q1261026,,,,,,,,,
Q100328257,SBL Society Report,,,,,,,,,,,,
Q100354047,Journal of Hispanic/Latino Theology,e5f6c5f0-4377-c2fd-9cfd-12f256d97ed1,1077-7989,Q1261026,,,,,,,,,
Q100354047,Journal of Hispanic/Latino Theology,29c7e159-4ad4-781e-4f1e-230b7f4cd34f,1930-9147,,,,,,,,,,
Q100354778,The Virginia Seminary Journal,,,,,,,,,,,,
Q100388108,Trinity Theological Journal,,,,,,,,,,,,
Q100602071,Bridges: a cross-cultural quarterly,,,,,,,,,,,,
Q100604470,Health Wise,,,,,,,,,,,,
Q100604537,The Other Journal,608018c8-4ac9-5da7-aad5-5a5f25a82cf1,1933-7957,Q1714118,,,,,,,,,
Q100604537,The Other Journal,8FAB1189-A511-4170-8F19-B8DD149FC437,2469-5939,Q1261026,,,,,,,,,
Q100605109,Wellsprings,,,,,,,,,,,,
Q100605240,Vanderbilt University Daily Register,,,,,,,,,,,,
Q100694040,Alive Now,,,,,,,,,,,,
Q100697033,Reflections,,,,,,,,,,,,
Q100697813,Journal of Women and Religion,c70c1d1c-4505-6273-5a25-e8a394af4d06,0888-5621,Q1261026,,,,,,,,,
Q100698279,The Other Side,c38ff795-425b-6d4d-8186-eee33e61f3b4,0145-7675,Q1261026,,,,,,,,,
Q100698886,Annual of the Society of Christian Ethics,d6a85135-4e9e-43f7-2af7-330f81ce85e7,0732-4928,Q1261026,6356f36d553fe338565b523f374eda3a,1981-01-01T00:00:00Z,9,,,,,,
Q100698886,Annual of the Society of Christian Ethics,3B26B194-2BFB-4C0A-B9ED-10F3A4F33795,2372-9023,Q1714118,,,,,,,,,
Q100699162,AME Church Review,6f54415a-4d81-f210-75f2-9e623bc33ee0,0360-3725,Q1261026,,,,,,,,,
Q100699691,Grey City of the Chicago Maroon,,,,,,,,,,,,
Q100708533,Harvard Divinity Bulletin,51ce2550-41bf-3799-c235-4edc2d28749a,1550-2465,Q1261026,,,,,,,,,
Q100708763,Womanist,,,,,,,,,,,,
Q100718707,Achaemenid Research on Texts and Archaeology,,,,,,,,,,,,
Q100724052,Bulletin of Council on the Study of Religion,8b6099c9-45a4-348c-73e2-4c5f187f0eed,0002-7170,Q1261026,9a581f623d181b3e8160146d1a1c062c,1970-01-01T00:00:00Z,9,,,,,,
Q100938316,Faith and Form,7662c3d5-43c2-c791-70b3-c38233c1ba21,0014-7001,Q1261026,,,,,,,,,
Q100938861,Faith and Leadership,,,,,,,,,,,,
Q100943219,Journal of Namibian Studies: History Politics Culture,97b35c2e-4f87-60f8-0ef2-42c6a1d8ece9,1863-5954,Q1261026,,,,,,,,,
Q100943219,Journal of Namibian Studies: History Politics Culture,a58ff909-4657-a2ff-e413-8deff233d61d,2197-5523,Q1714118,,,,8dc3072d61a8092afae4c9c7b5ef98cfbb17fde5,,https://namibian-studies.com/index.php/JNS/about,,,
Q100978677,New Conversations,444063dc-4c79-3e98-ac51-e77231d3401f,0360-0181,Q1261026,,,,,,,,,
Q100979453,Nova et Vetera (English version),e2a8ca37-43ab-78bc-a227-7a2e41ae241f,1542-7315,Q1261026,,,,,,,,,
Q100979880,Occasional Papers,,,,,,,,,,,,
Q100980103,Soma: An International Journal of Theological Discourses and Counter-Discourses,,,,,,,,,,,,
Q100980566,Christian Spirituality Bulletin,06066337-4521-1f0e-f67b-99e046b48a6d,1082-9008,Q1261026,,,,,,,,,
Q100997636,Vital Theology,,,,,,,,,,,,
Q1107510,Keresztény Szó,,,,,,,,,,,,
Q1167163,Das Argument,97B2B8CB-23DC-48E5-B341-12ED72FF676A,0004-1157,Q1261026,,,,,,,,,
Q11956877,Acta ad Archaeologiam et Artium Historiam Pertinentia,CB1A81C9-BA46-4BAA-8DCD-9B8B74B4084E,0065-0900,Q1261026,,,,,,,,,
Q1273053,Journal of Cuneiform Studies,DDC5D68C-8C72-4B13-B645-B15D2A46FC1E,0022-0256,Q1261026,,,,,,,,,
Q1273053,Journal of Cuneiform Studies,F4353031-2D5E-4405-996F-8CAD0E5FC911,2325-6737,Q1714118,,,,,,,,,
Q1381202,Evangelische Theologie,6FD45F40-AE03-4AE6-B2DB-8F16492A4F05,2198-0470,Q1714118,,,,0b2cff476c3a9e0458572aafb015f953c12d6487,,https://api.crossref.org/journals/2198-0470,5a222f4e76bbcf99182811d78451dd85,2018-03-23T00:00:00Z,11
Q1381202,Evangelische Theologie,7C5B6C03-4DF9-462F-8AFE-B1B8E7F4ED12,0014-3502,Q1261026,,,,,,,,,
Q1514304,Journal of Homosexuality,674E6E3B-F679-4F18-951F-2FF07712893F,1540-3602,Q1714118,,,,,,,,,
Q1514304,Journal of Homosexuality,B526BC00-B5FD-48B3-865D-F3190214F57A,0091-8369,Q1261026,,,,,,,,,
Q15707062,Journal of American History,5D0385B1-35C5-400C-9302-7C823FC5EC85,0021-8723,Q1261026,,,,,,,,,
Q15707062,Journal of American History,86F65144-BABD-4B9A-AE7F-40B891E3AE33,1945-2314,Q1714118,,,,cb027ec1dd27a771321740db85c04f34345e3922,Q15794938,,,,
Q15707062,Journal of American History,97CCB699-7B75-4B72-A8CF-9CD688F7A1EF,1936-0967,,,,,,,,,,
Q15707782,Journal of Early Christian Studies,828CC5AC-7FFD-420C-ABF7-3090A3A02065,1067-6341,Q1261026,,,,,,,,,
Q15707782,Journal of Early Christian Studies,C8D1C613-1F1D-4A97-8700-CFC1CFEE99FE,1086-3184,Q1714118,,,,,,,,,
Q15710058,Studies in Iconography,61F4B3B9-E483-4F1B-B9BA-D3264D304D9B,0148-1029,,,,,,,,,,
Q15710071,Journal of the American Academy of Religion,3BD3AD7E-A8FB-4E0F-8C8B-4BD725AA111B,1477-4585,Q1714118,,,,,,,,,
Q15710071,Journal of the American Academy of Religion,F9565354-DBDF-491E-BB83-42B5FC58CC1A,0002-7189,,,,,,,,,,
Q15710137,Review & Expositor,4CC9E2EB-C0D9-436D-A9CC-BCB02CB1D57B,0034-6373,Q1261026,,,,,,,,,
Q15710137,Review & Expositor,B57E34A7-32AB-45D2-8D32-F82915A7757C,2052-9449,Q1714118,,,,0c33ebab1ff0874ebabc2673f9a3959aff91206a,,https://api.crossref.org/journals/2052-9449,5a222f4e76bbcf99182811d78451dd85,2018-03-23T00:00:00Z,11
Q15710287,Toronto Journal of Theology,65D3D37C-4AA2-41E9-B827-A844DC168549,1918-6371,Q1714118,,,,,,,,,
Q15710287,Toronto Journal of Theology,DFB42871-A33B-4AF4-BBF9-EE5A9BE778FA,0826-9831,Q1261026,,,,,,,,,
Q15716275,Neue Zeitschrift fuer Systematische Theologie und Religionsphilosophie,D7D0DE98-2C0F-4724-9484-2FF9218C14E6,0028-3517,Q1261026,,,,cb027ec1dd27a771321740db85c04f34345e3922,Q15794938,,,,
Q15716275,Neue Zeitschrift fuer Systematische Theologie und Religionsphilosophie,F0E3407B-1386-4BB6-8D46-AA7FBF9F1E16,1612-9520,Q1714118,,,,,,,,,
Q15716311,Sixteenth Century Journal,EFB1524B-27B0-4C13-B624-F86413D17192,0361-0160,Q1261026,,,,,,,,,
Q15716311,Sixteenth Century Journal,f278aae2-45c8-2db5-27e6-3c148a08e85b,2326-0726,Q1714118,,,,,,,,,
Q15716423,Philosophy Today,245A7136-9354-4E3E-94BE-A3BE627C958F,0031-8256,Q1261026,,,,,,,,,
Q15716423,Philosophy Today,578CD530-B61D-4DD0-9E91-06A931F7A10B,2329-8596,Q1714118,,,,,,,,,
Q15716491,Union Seminary Quarterly Review,127B7E9F-5A09-45EB-ACBF-61B97F82466D,0362-1545,Q1261026,,,,,,,,,
Q15716491,Union Seminary Quarterly Review,0E4C9942-6A16-4664-BFB4-D866156B9373,0041-7025,,,,,,,,,,
Q15716491,Union Seminary Quarterly Review,342805A2-210E-42FE-9B96-D8BAFB51F855,2371-963X,Q1714118,,,,,,,,,
Q15716523,Fides et Historia,59E041EC-D5F6-44E3-944D-B78CABA4A2ED,0884-5379,Q1261026,,,,,,,,,
Q15716715,Notre Dame Philosophical Reviews,FCD4B338-9EE5-41B8-A8C3-D47D9F42A851,1538-1617,Q1714118,,,,,,,,,
Q15724368,Intercultural Theology: Journal of Mission Studies,ED3989C6-C5AA-4C7F-A520-2DBB12DAB4A0,1867-5492,Q1261026,,,,,,,,,
Q15724475,Praktische Theologie,8BA57D91-3D41-4B3B-AC86-8BB4174F6F61,0946-3518,Q1261026,17c6f9268b93225c363698e76567a8af,1993-01-01T00:00:00Z,9,,,,,,
Q15724475,Praktische Theologie,B24DE042-BE0C-4AAC-ABB6-8494E1D2CCE7,0938-5320,Q1261026,764eb9a11460dd8f6b5956f3f77f2129,1988-01-01T00:00:00Z,9,cb027ec1dd27a771321740db85c04f34345e3922,Q15794938,,,,
Q15724475,Praktische Theologie,BC70FE66-4DC8-4D03-B0AA-8CDECFB9395D,2198-0462,Q1714118,,,,23c1d49c2e827ca1c48b092b2e4293a0702afbdb,,https://api.crossref.org/journals/2198-0462,5a222f4e76bbcf99182811d78451dd85,2018-03-23T00:00:00Z,11
Q15746149,Maarav: a journal for the study of the Northwest Semitic languages and literatures,666E7907-CEBB-4651-A060-E4BC7889ADCF,0149-5712,Q1261026,,,,1643281ef6e577673e4272176fc12a9fcfa37747,Q15735759,,,,
Q15746151,Mission Studies,8283E1D3-EE7A-4E25-8300-A7CD96DE84D9,1573-3831,Q1714118,,,,1643281ef6e577673e4272176fc12a9fcfa37747,Q15735759,,,,
Q15746151,Mission Studies,FA6C87D0-6FA0-42AA-973B-D56064DBDA6E,0168-9789,Q1261026,,,,1643281ef6e577673e4272176fc12a9fcfa37747,Q15735759,,,,
Q15746447,The Bible Today,CD8F1D9E-60E1-4AFC-98D6-80A48250AF4D,0006-0836,Q1261026,,,,1643281ef6e577673e4272176fc12a9fcfa37747,Q15735759,,,,
Q15749151,Berliner Theologische Zeitschrift,7932B7B0-EF80-49D5-AFA6-76FD069621E0,0724-6137,Q1261026,,,,,,,,,
Q15749151,Berliner Theologische Zeitschrift,9036D876-EA04-42F0-B0F1-5238D9BD1156,2699-3414,Q1714118,,,,,,,,,
Q15749660,Religion Compass,67E847AB-BB9F-409C-971C-0D824938A3F3,1749-8171,Q1714118,,,,1643281ef6e577673e4272176fc12a9fcfa37747,Q15735759,,,,
Q15749979,Questions Liturgiques,4E085C05-780A-438E-9261-734D93DE0962,0774-5524,Q1261026,,,,1643281ef6e577673e4272176fc12a9fcfa37747,Q15735759,,,,
Q15749979,Questions Liturgiques,E4DE979E-1B25-49EF-9A85-FC18A14C7001,1783-1709,Q1714118,,,,1643281ef6e577673e4272176fc12a9fcfa37747,Q15735759,,,,
Q15750019,Journal of Feminist Studies in Religion,1DC2F59A-D2F3-4E1D-A0BD-961901C23AFC,1553-3913,Q1714118,,,,1643281ef6e577673e4272176fc12a9fcfa37747,Q15735759,,,,
Q15750019,Journal of Feminist Studies in Religion,DFBC98AF-A952-47E1-B369-EEB0FDD976C2,8755-4178,Q1261026,,,,1643281ef6e577673e4272176fc12a9fcfa37747,Q15735759,,,,
Q15750632,Issues in Integrative Studies: an interdisciplinary journal,16478F58-FC61-48A0-8BB7-14AFED846B52,1081-4760,,,,,1643281ef6e577673e4272176fc12a9fcfa37747,Q15735759,,,,
Q15750752,Journal of Presbyterian History,25DA05A7-A7B4-4D78-A46C-597EC449DCB5,1521-9216,Q1261026,,,,1643281ef6e577673e4272176fc12a9fcfa37747,Q15735759,,,,
Q15751172,"Race, Ethnicity and Education",AAC5B24C-B081-4367-99F3-E0AC70340858,1470-109X,Q1714118,,,,1643281ef6e577673e4272176fc12a9fcfa37747,Q15735759,,,,
Q15751172,"Race, Ethnicity and Education",C7E8D6C2-31E8-49B9-8AB0-3336E2A3FFB0,1361-3324,Q1261026,,,,1643281ef6e577673e4272176fc12a9fcfa37747,Q15735759,,,,
Q15752096,Sociological Spectrum: official journal of the Mid-South Sociological Association,63FDB02F-D80A-49AA-B018-6EA1653A2600,1521-0707,Q1714118,,,,1643281ef6e577673e4272176fc12a9fcfa37747,Q15735759,,,,
Q15752096,Sociological Spectrum: official journal of the Mid-South Sociological Association,8C233A71-E4CB-4FA2-9BCD-2BC3D983E245,0038-027X,,,,,1643281ef6e577673e4272176fc12a9fcfa37747,Q15735759,,,,
Q15752096,Sociological Spectrum: official journal of the Mid-South Sociological Association,9CEC96B9-F2C9-46A9-A9B9-7C2762F870FD,0273-2173,Q1261026,,,,1643281ef6e577673e4272176fc12a9fcfa37747,Q15735759,,,,
Q15752096,Sociological Spectrum: official journal of the Mid-South Sociological Association,CF4F2497-44C8-44D6-A3DF-150693F216AC,0160-3469,,,,,1643281ef6e577673e4272176fc12a9fcfa37747,Q15735759,,,,
Q15752279,Worship,7CFC70C8-2160-4EE6-8F52-B078CE90D9B2,0043-941X,Q1261026,,,,1643281ef6e577673e4272176fc12a9fcfa37747,Q15735759,,,,
Q15753036,Meridians,60996385-A43C-474C-9B8A-20844B479AA9,1536-6936,Q1261026,,,,1643281ef6e577673e4272176fc12a9fcfa37747,Q15735759,,,,
Q15753036,Meridians,8467D3AF-5201-43F2-B1BD-A4DFAB8E9AEE,1547-8424,Q1714118,,,,1643281ef6e577673e4272176fc12a9fcfa37747,Q15735759,,,,
Q15753228,Families in Society: the journal of contemporary social services,169C53D9-5493-4624-8BA0-F0C478BB6BFC,8755-4879,,,,,1643281ef6e577673e4272176fc12a9fcfa37747,Q15735759,,,,
Q15753228,Families in Society: the journal of contemporary social services,32A4C80A-0E55-4CF3-A9C0-DC3E81AD75E4,1044-3894,Q1261026,,,,1643281ef6e577673e4272176fc12a9fcfa37747,Q15735759,,,,
Q15753228,Families in Society: the journal of contemporary social services,A4AEFA41-5AC9-49AB-B6B0-F68E610ABDDD,1945-1350,Q1714118,,,,1643281ef6e577673e4272176fc12a9fcfa37747,Q15735759,,,,
Q15753228,Families in Society: the journal of contemporary social services,D4E2A279-DD91-4E22-96B6-383E7DB61AB3,0037-7678,,,,,1643281ef6e577673e4272176fc12a9fcfa37747,Q15735759,,,,
Q15753491,Journal of Refugee Studies,B1D57022-CDC8-4838-9B29-976582740E3D,0951-6328,Q1261026,,,,1643281ef6e577673e4272176fc12a9fcfa37747,Q15735759,,,,
Q15753491,Journal of Refugee Studies,E07C4EE0-B49B-46AD-8997-50E6858F3EE7,1471-6925,Q1714118,,,,1643281ef6e577673e4272176fc12a9fcfa37747,Q15735759,,,,
Q15753618,Pastoral Liturgy,42EEBD79-96F9-4422-9467-33849A1DA574,1446-0661,Q1261026,,,,1643281ef6e577673e4272176fc12a9fcfa37747,Q15735759,,,,
Q15753676,Nashim,05EE379E-CDD5-40C5-93E4-F392E9DABAAF,1565-5288,Q1714118,,,,1643281ef6e577673e4272176fc12a9fcfa37747,Q15735759,,,,
Q15753676,Nashim,6B595BA7-7910-4B72-B7F9-F9785B136E0A,0793-8934,Q1261026,,,,1643281ef6e577673e4272176fc12a9fcfa37747,Q15735759,,,,
Q15753706,Journal of Pastoral Care and Counseling,3C8786B3-EF6B-40FF-89E7-CAC42FCDB969,1542-3050,Q1261026,,,,,,,,,
Q15753706,Journal of Pastoral Care and Counseling,B85680BB-B655-4FE8-A0BC-84E94B8BCB3A,2167-776X,Q1714118,,,,,,,,,
Q15753995,Anglican Theological Review,BC42BA85-B020-423D-BEA0-992B91C2CAC2,0003-3286,Q1261026,,,,1643281ef6e577673e4272176fc12a9fcfa37747,Q15735759,,,,
Q15753995,Anglican Theological Review,e03d679a-4531-08b5-898e-014867239942,2163-6214,Q1714118,,,,,,,,,
Q15754071,Norwegian Theological Journal,B233AA43-4F13-4445-97AC-8730474D43D7,0029-2176,Q1261026,,,,1643281ef6e577673e4272176fc12a9fcfa37747,Q15735759,,,,
Q15754071,Norwegian Theological Journal,E403741C-77C5-488C-8F0B-EA737BCDA3F1,1504-2979,Q1714118,,,,1643281ef6e577673e4272176fc12a9fcfa37747,Q15735759,,,,
Q15754229,Clio,D5E64090-606E-4E51-96E1-EAEE34128F95,0884-2043,Q1261026,,,,1643281ef6e577673e4272176fc12a9fcfa37747,Q15735759,,,,
Q15754347,Dead Sea Discoveries,E8AFA48D-A763-4C29-A3C4-60A1ECD6D72F,1568-5179,Q1714118,,,,1643281ef6e577673e4272176fc12a9fcfa37747,Q15735759,,,,
Q15754347,Dead Sea Discoveries,EDA714BF-D8DE-425B-9D20-9825154AFB86,0929-0761,Q1261026,,,,1643281ef6e577673e4272176fc12a9fcfa37747,Q15735759,,,,
Q15754681,Horizons in Biblical Theology,61279018-8087-4494-B2D8-2B772A6CEA8A,0195-9085,,,,,1643281ef6e577673e4272176fc12a9fcfa37747,Q15735759,,,,
Q15754681,Horizons in Biblical Theology,D80B9575-719C-4150-9BE1-3F0D10E3C08C,1871-2207,Q1714118,,,,1643281ef6e577673e4272176fc12a9fcfa37747,Q15735759,,,,
Q15754869,Journal of the Kafka Society of America,10F3373C-3C7B-40A7-9A84-A6479952EECD,0741-6202,Q1261026,749910ebd6c8faae3d32b17def13c5bd,1977-01-01T00:00:00Z,9,1643281ef6e577673e4272176fc12a9fcfa37747,Q15735759,,,,
Q15754869,Journal of the Kafka Society of America,DA04555F-B931-4DD7-ABF8-0F2ADCABB39E,0894-6388,Q1261026,,,,1643281ef6e577673e4272176fc12a9fcfa37747,Q15735759,,,,
Q15754942,American Journal of Theology and Philosophy,AB8A9011-47AE-4636-952B-117CFC2F6CED,0194-3448,Q1261026,,,,1643281ef6e577673e4272176fc12a9fcfa37747,Q15735759,,,,
Q15754942,American Journal of Theology and Philosophy,E2AF5B6B-3643-4A03-9C75-39A5CF4B5A22,2156-4795,Q1714118,,,,54d2322841f0ff03e21056cc599e9036ec512727,,https://api.crossref.org/journals/2156-4795,5a222f4e76bbcf99182811d78451dd85,2018-03-23T00:00:00Z,11
Q15755002,Political Theology,64312AE1-5B42-46FF-82FD-145546152010,1743-1719,Q1714118,,,,1643281ef6e577673e4272176fc12a9fcfa37747,Q15735759,,,,
Q15755002,Political Theology,A4E7C515-EF0A-40F2-92BA-FA414856AB24,1462-317X,Q1261026,,,,1643281ef6e577673e4272176fc12a9fcfa37747,Q15735759,,,,
Q15755037,Jewish Social Studies,46B173A3-F51C-48C8-A0E3-24D7391DB112,1527-2028,Q1714118,,,,1643281ef6e577673e4272176fc12a9fcfa37747,Q15735759,,,,
Q15755037,Jewish Social Studies,A2B37B51-40B2-485D-AC4E-420A50DE8288,0021-6704,Q1261026,,,,1643281ef6e577673e4272176fc12a9fcfa37747,Q15735759,,,,
Q15755134,Theological Education,B63CD5E8-197F-49F0-B4B9-6B7293E7264A,0040-5620,Q1261026,,,,1643281ef6e577673e4272176fc12a9fcfa37747,Q15735759,,,,
Q15755173,Virginia Magazine of History and Biography,C86B1099-F98C-4358-92D8-9E4FFDAC6228,0042-6636,Q1261026,,,,1643281ef6e577673e4272176fc12a9fcfa37747,Q15735759,,,,
Q15755173,Virginia Magazine of History and Biography,86da5043-4b3a-1875-ee19-a595a102557b,2330-1317,Q1714118,,,,,,,,,
Q15755502,Journal of the Economic and Social History of the Orient,59D1632D-F15F-49C2-8C7A-67F96637A515,0022-4995,Q1261026,,,,1643281ef6e577673e4272176fc12a9fcfa37747,Q15735759,,,,
Q15755502,Journal of the Economic and Social History of the Orient,61CB661B-1074-4C17-8CF4-4AA3C5F04387,1568-5209,Q1714118,,,,1643281ef6e577673e4272176fc12a9fcfa37747,Q15735759,,,,
Q15755502,Journal of the Economic and Social History of the Orient,B3427BFB-36B4-44C6-A6C7-A516A2C522A7,0449-3222,,,,,,,,,,
Q15755506,Journal of Southern History,658C9E49-27B7-4485-BD43-5325F68DDE1C,0022-4642,Q1261026,,,,1643281ef6e577673e4272176fc12a9fcfa37747,Q15735759,,,,
Q15755506,Journal of Southern History,9fa7bc8e-4176-00f2-c712-ff08aeaf96b2,2325-6893,Q1714118,,,,,,,,,
Q15755591,Journal of African American Studies,301DB69B-5507-4D83-BF2F-E3F88F549970,1559-1646,Q1261026,,,,1643281ef6e577673e4272176fc12a9fcfa37747,Q15735759,,,,
Q15755591,Journal of African American Studies,959B04F5-5DB0-47EA-A8FA-A776E4D5BAE1,1936-4741,Q1714118,,,,1643281ef6e577673e4272176fc12a9fcfa37747,Q15735759,,,,
Q15755591,Journal of African American Studies,E80985AF-4E47-434A-A3EE-A479428F6800,1063-4460,,,,,1643281ef6e577673e4272176fc12a9fcfa37747,Q15735759,,,,
Q15755591,Journal of African American Studies,FC1B992C-D5A2-4A8C-9D87-874D9BB073A4,1081-1753,,,,,1643281ef6e577673e4272176fc12a9fcfa37747,Q15735759,,,,
Q15755692,Journal of the European Society of Women in Theological Research,4CB14BE2-3AC9-45FA-962C-13FB7BD7ECAE,1783-2454,Q1261026,,,,1643281ef6e577673e4272176fc12a9fcfa37747,Q15735759,,,,
Q15755692,Journal of the European Society of Women in Theological Research,B9EAA98D-3B1E-43B1-BDAB-A1A3466752EA,1783-2446,Q1714118,,,,1643281ef6e577673e4272176fc12a9fcfa37747,Q15735759,,,,
Q15755741,Biblische Zeitschrift,362393BD-A5FF-4E51-B565-A1A466D7C5ED,0006-2014,Q1261026,,,,1643281ef6e577673e4272176fc12a9fcfa37747,Q15735759,,,,
Q15755741,Biblische Zeitschrift,355209EF-F214-40F2-8607-65EA594EA9DB,2589-0468,Q1714118,,,,,,,,,
Q15755753,Journal of American Ethnic History,1CA3BB8A-6A8B-4670-B375-C8DD0B437774,1936-4695,Q1714118,,,,1643281ef6e577673e4272176fc12a9fcfa37747,Q15735759,,,,
Q15755753,Journal of American Ethnic History,C0491D52-0F69-42E9-A701-30E0E8E7D275,0278-5927,Q1261026,,,,1643281ef6e577673e4272176fc12a9fcfa37747,Q15735759,,,,
Q15755905,Studies in Philology,66FCED03-D6F2-4670-B824-4C2094EB0C4B,1543-0383,Q1714118,,,,1643281ef6e577673e4272176fc12a9fcfa37747,Q15735759,,,,
Q15755905,Studies in Philology,7BF6040B-446B-42C8-A0E8-84C037AA313A,0039-3738,Q1261026,,,,1643281ef6e577673e4272176fc12a9fcfa37747,Q15735759,,,,
Q15755905,Studies in Philology,E36722DD-A61D-4539-94F3-3B5688AF7A04,0081-8372,,,,,,,,,,
Q15756224,Forum for Social Economics,0276AFDC-9473-4CCD-B8C0-5A5FDE958132,1874-6381,Q1714118,,,,1643281ef6e577673e4272176fc12a9fcfa37747,Q15735759,,,,
Q15756224,Forum for Social Economics,E1D62988-9F53-4F81-88E6-7E92AF7B9984,0736-0932,Q1261026,,,,1643281ef6e577673e4272176fc12a9fcfa37747,Q15735759,,,,
Q15756233,Journal for the History of Modern Theology,458087B7-D3B5-4300-9B66-D9FF83D2873D,0943-7592,Q1261026,,,,1643281ef6e577673e4272176fc12a9fcfa37747,Q15735759,,,,
Q15756233,Journal for the History of Modern Theology,C146AC60-BFB8-458D-866D-4EDCE9931365,1612-9776,Q1714118,,,,1643281ef6e577673e4272176fc12a9fcfa37747,Q15735759,,,,
Q15756294,Practical Theology,1F8CBCD1-38A0-4F5B-B786-8DB7FB6BD9AE,1756-0748,Q1714118,,,,1643281ef6e577673e4272176fc12a9fcfa37747,Q15735759,,,,
Q15756294,Practical Theology,D7B28B11-DC42-4A4C-89BD-CC0A06856E52,1756-073X,Q1261026,,,,1643281ef6e577673e4272176fc12a9fcfa37747,Q15735759,,,,
Q15756681,Journal of International Women's Studies,CF3BAB28-7697-4508-9C4A-AD3367551181,1539-8706,,,,,1643281ef6e577673e4272176fc12a9fcfa37747,Q15735759,,,,
Q15757029,New Theology Review: an American Catholic journal for ministry,0C4E3BAB-D1F0-4469-B6FC-BBE01DD898B8,2169-1088,Q1714118,,,,cfd697a99ce1b4308e5c6bc8c44ce885d5ecf865,Q1227538,,,,
Q15757029,New Theology Review: an American Catholic journal for ministry,29C0B3C5-A65F-474D-8CB5-DC7C520A5241,0896-4297,Q1261026,,,,1643281ef6e577673e4272176fc12a9fcfa37747,Q15735759,,,,
Q15757029,New Theology Review: an American Catholic journal for ministry,29C0B3C5-A65F-474D-8CB5-DC7C520A5241,0896-4297,Q1261026,,,,d9e9acedc35aa4a061c39d4519c4922ec64c525e,Q1227538,https://doaj.org/toc/0896-4297,aac34e923e2709b62d83e34900e505f5,2018-03-29T00:00:00Z,11
Q15757109,Transversalites: revue de l'Institut Catholique de Paris,12C1CA52-6F80-4267-9F75-132F26AAFD9A,1286-9449,Q1261026,,,,1643281ef6e577673e4272176fc12a9fcfa37747,Q15735759,,,,
Q15757109,Transversalites: revue de l'Institut Catholique de Paris,3E83F58D-9C62-4949-A4C9-CDA10F7AAD80,2259-3799,Q1714118,,,,,,,,,
Q15757115,La Maison - Dieu: revue de science liturgique,CDFE7BDF-77C3-4DA7-9FD4-1E229FEF3268,0025-0937,Q1261026,,,,1643281ef6e577673e4272176fc12a9fcfa37747,Q15735759,,,,
Q15757115,La Maison - Dieu: revue de science liturgique,264ECF3C-CDD6-4E39-9DAC-77144E0D3467,2540-2528,Q1714118,,,,,,,,,
Q15757675,Journal of Poverty,6431D3A9-2178-4615-95F1-1D4420514EA7,1540-7608,Q1714118,,,,1643281ef6e577673e4272176fc12a9fcfa37747,Q15735759,,,,
Q15757675,Journal of Poverty,7DCA4F8C-F691-4729-820C-D6776EB12057,1087-5549,Q1261026,,,,1643281ef6e577673e4272176fc12a9fcfa37747,Q15735759,,,,
Q15758293,Lutheran Quarterly,DE90FB20-6EB6-4FAF-9622-6B657CA42E2C,0024-7499,Q1261026,,,,1643281ef6e577673e4272176fc12a9fcfa37747,Q15735759,,,,
Q15758293,Lutheran Quarterly,f3d5fcee-4e49-cb39-ec4f-e40a37bf40c4,2470-5616,Q1714118,,,,,,,,,
Q15758971,Proceedings of the Annual Meeting of the North American Academy of Liturgy,3C1CD8B7-1BD3-4734-9EA4-F0FE318F05EA,1055-338X,,,,,1643281ef6e577673e4272176fc12a9fcfa37747,Q15735759,,,,
Q15759600,Enchoria,945919F7-603B-433D-885D-FDB5531FC91A,0340-627X,,,,,1643281ef6e577673e4272176fc12a9fcfa37747,Q15735759,,,,
Q15759659,Scriptura,4D6AD027-2092-44F6-8D39-E3FB65E4D2AE,2305-445X,Q1714118,,,,1ee0591227dfbb3f3f49355bd516c12387f1f00e,,https://api.crossref.org/journals/2305-445X,5a222f4e76bbcf99182811d78451dd85,2018-03-23T00:00:00Z,11
Q15759659,Scriptura,F3C6D350-E8AC-4FF3-B6F5-42160EA194A6,0254-1807,,,,,1643281ef6e577673e4272176fc12a9fcfa37747,Q15735759,,,,
Q15759717,Review of Politics,37027028-3693-42BE-8749-6A4E93CFF537,0034-6705,Q1261026,,,,1643281ef6e577673e4272176fc12a9fcfa37747,Q15735759,,,,
Q15759717,Review of Politics,DC390D92-732B-4104-B3A6-C178C661928F,1748-6858,Q1714118,,,,1643281ef6e577673e4272176fc12a9fcfa37747,Q15735759,,,,
Q15759761,Journal of Ecumenical Studies,2EEEF4E0-1640-4F5B-88D2-59E1F379BFC6,0022-0558,Q1261026,,,,1643281ef6e577673e4272176fc12a9fcfa37747,Q15735759,,,,
Q15759761,Journal of Ecumenical Studies,62fbbee4-49ba-2247-8999-e54e2e4723c0,2162-3937,Q1714118,,,,,,,,,
Q15759788,Bibliotheca Orientalis,32C89B71-4C2D-4848-84C9-92B3A09D6333,0006-1913,Q1261026,,,,1643281ef6e577673e4272176fc12a9fcfa37747,Q15735759,,,,
Q15759788,Bibliotheca Orientalis,93FF1748-2908-4D89-814B-A8844E85FE94,1875-659X,Q1714118,,,,1643281ef6e577673e4272176fc12a9fcfa37747,Q15735759,,,,
Q15760054,"Black Women, Gender and Families",73d111ef-451f-b302-3af0-7deb6fa639d2,1935-2743,Q1261026,,,,,,,,,
Q15760054,"Black Women, Gender and Families",b795a189-4474-e2bf-a0e7-ddbefe1d1101,1944-6462,Q1714118,,,,,,,,,
Q15760154,Journal of Religious Ethics,A057A666-B93A-4213-AAAE-969775F0F5CC,1467-9795,Q1714118,,,,1643281ef6e577673e4272176fc12a9fcfa37747,Q15735759,,,,
Q15760154,Journal of Religious Ethics,E2304F89-4019-435D-9BE3-604342238A78,0384-9694,Q1261026,,,,1643281ef6e577673e4272176fc12a9fcfa37747,Q15735759,,,,
Q15760387,Studia Liturgica,0A4BBFC4-E1B7-471D-B65E-A28902EFA6A3,0039-3207,Q1261026,,,,1643281ef6e577673e4272176fc12a9fcfa37747,Q15735759,,,,
Q15760387,Studia Liturgica,12bcd561-4833-8494-ea8b-1680bb4636bf,2517-4797,Q1714118,,,,,,,,,
Q15760555,Hebrew Studies,EB12968F-4E61-4C52-B346-097FFDFC125D,0146-4094,Q1261026,,,,1643281ef6e577673e4272176fc12a9fcfa37747,Q15735759,,,,
Q15760865,Journal of Medieval and Early Modern Studies,216E5867-EB0D-41C3-ABAA-A8A2B8979D2F,0047-2573,Q1261026,cf5d396bdc1074d11438fc47ab8bcf40,1971-01-01T00:00:00Z,9,1643281ef6e577673e4272176fc12a9fcfa37747,Q15735759,,,,
Q15760865,Journal of Medieval and Early Modern Studies,5685CF05-4069-41BC-A2BE-B0719286855F,1082-9636,Q1261026,d49b98a030ea836c922381a07d3a55a5,1996-01-01T00:00:00Z,9,1643281ef6e577673e4272176fc12a9fcfa37747,Q15735759,,,,
Q15760865,Journal of Medieval and Early Modern Studies,099D5A75-C93A-4561-B269-3CA979DD5A85,1527-8263,Q1714118,,,,1643281ef6e577673e4272176fc12a9fcfa37747,Q15735759,,,,
Q15761107,International Journal of Practical Theology,3580990A-A70F-438C-8030-E07886BABADE,1430-6921,Q1261026,,,,1643281ef6e577673e4272176fc12a9fcfa37747,Q15735759,,,,
Q15761107,International Journal of Practical Theology,4EFD595B-03CB-4D0B-BF50-AECA59860141,1612-9768,,,,,1643281ef6e577673e4272176fc12a9fcfa37747,Q15735759,,,,
Q15761170,Medievalia et Humanistica,11FF4377-9CFF-4EF5-B317-9B0E0C8F6117,0076-6127,Q1261026,,,,1643281ef6e577673e4272176fc12a9fcfa37747,Q15735759,,,,
Q15761734,Iraq,05AAB80B-9027-42DA-AA00-95137AB42CA6,0021-0889,Q1261026,,,,1643281ef6e577673e4272176fc12a9fcfa37747,Q15735759,,,,
Q15761734,Iraq,581F3283-1B29-4A2D-9830-DF6B25A7D8C3,2053-4744,Q1714118,,,,122591f84ac086698e9090a40c3f1694f9d67b38,,https://api.crossref.org/journals/2053-4744,5a222f4e76bbcf99182811d78451dd85,2018-03-23T00:00:00Z,11
Q15762030,Journal of Roman Archaeology,797A4DCB-F583-4606-8304-4F851ADC0932,2331-5709,Q1714118,,,,4335ffa9e3ab525d98fc90062336279ce8648d9a,,https://api.crossref.org/journals/2331-5709,5a222f4e76bbcf99182811d78451dd85,2018-03-23T00:00:00Z,11
Q15762030,Journal of Roman Archaeology,BF945707-9560-4C84-8379-29756A654719,1047-7594,Q1261026,,,,1643281ef6e577673e4272176fc12a9fcfa37747,Q15735759,,,,
Q15762047,Review of Religious Research,B07B9888-6463-4A97-8CDD-6596EA690157,2211-4866,Q1714118,,,,444e3bf68081e289fe37d08fbcbb99b1bf324eca,,https://api.crossref.org/journals/2211-4866,5a222f4e76bbcf99182811d78451dd85,2018-03-23T00:00:00Z,11
Q15762047,Review of Religious Research,C04AD023-4033-4344-AC19-AF3CE9F38340,0034-673X,Q1261026,,,,1643281ef6e577673e4272176fc12a9fcfa37747,Q15735759,,,,
Q15762062,Revue d'Assyriologie,4615F65B-F72C-4577-82E3-581B9A11F93E,2104-3817,Q1714118,,,,1643281ef6e577673e4272176fc12a9fcfa37747,Q15735759,,,,
Q15762062,Revue d'Assyriologie,79B9C960-3E7E-4141-B7E9-41539EA1A14A,0373-6032,Q1261026,,,,1643281ef6e577673e4272176fc12a9fcfa37747,Q15735759,,,,
Q15762263,positions,B8343E18-8793-4F84-BA13-E1A0DB40BF93,1527-8271,Q1714118,,,,1643281ef6e577673e4272176fc12a9fcfa37747,Q15735759,,,,
Q15762263,positions,E100F1C2-BA50-4154-898F-EA0A7FC86095,1067-9847,Q1261026,,,,1643281ef6e577673e4272176fc12a9fcfa37747,Q15735759,,,,
Q15762464,Ugarit-Forschungen,358FDDFD-950B-4796-A354-B10E571317B2,0342-2356,Q1261026,,,,1643281ef6e577673e4272176fc12a9fcfa37747,Q15735759,,,,
Q15762548,Ecumenical Review,57E354C7-6027-4C76-96BF-208513E7C9F5,1758-6623,Q1714118,,,,1643281ef6e577673e4272176fc12a9fcfa37747,Q15735759,,,,
Q15762548,Ecumenical Review,96569F39-A7F9-41D9-92C8-1587D112CC48,0013-0796,Q1261026,,,,1643281ef6e577673e4272176fc12a9fcfa37747,Q15735759,,,,
Q15763031,Modern Judaism,6FE75F48-E769-4E74-A41C-4B5B695B41FD,0276-1114,Q1261026,,,,1643281ef6e577673e4272176fc12a9fcfa37747,Q15735759,,,,
Q15763031,Modern Judaism,C4EF3A06-4110-4A8C-981F-DB62773CECAD,1086-3273,Q1714118,,,,1643281ef6e577673e4272176fc12a9fcfa37747,Q15735759,,,,
Q15763170,Review for Religious: living our Catholic legacies,BA8B5326-1FA0-4AA0-A81D-4BCF907F5136,0034-639X,Q1261026,,,,1643281ef6e577673e4272176fc12a9fcfa37747,Q15735759,,,,
Q15763357,International Journal for Philosophy of Religion,4DD535BB-B61C-400E-8152-86A35E2BC5E2,1572-8684,Q1714118,,,,1643281ef6e577673e4272176fc12a9fcfa37747,Q15735759,,,,
Q15763357,International Journal for Philosophy of Religion,8DF615B1-177E-4485-A80E-8077692E6529,0020-7047,Q1261026,,,,1643281ef6e577673e4272176fc12a9fcfa37747,Q15735759,,,,
Q15763974,Review of Biblical Literature,9AA11D5B-873C-457F-B0F6-9F3D24E778F6,1099-0046,Q1261026,,,,1643281ef6e577673e4272176fc12a9fcfa37747,Q15735759,,,,
Q15763974,Review of Biblical Literature,E2DF1B8A-8FAA-41C0-B440-8EDE5570219A,1099-0321,Q1714118,,,,1643281ef6e577673e4272176fc12a9fcfa37747,Q15735759,,,,
Q15763977,Perspectives in Religious Studies,3D13A3E3-7598-4D51-86CD-3F399C17007A,0093-531X,Q1261026,,,,1643281ef6e577673e4272176fc12a9fcfa37747,Q15735759,,,,
Q15764166,Horizons,54856B28-694B-439B-969B-8C3575DF6301,0360-9669,Q1261026,,,,1643281ef6e577673e4272176fc12a9fcfa37747,Q15735759,,,,
Q15764166,Horizons,fb8e9b53-404f-cf1b-f040-6bdc8c1f2b22,2050-8557,Q1714118,,,,,,,,,
Q15764425,Sociology of Religion,4CEDAD24-A4FD-4F56-B3E7-65197BBF139D,1069-4404,Q1261026,,,,1643281ef6e577673e4272176fc12a9fcfa37747,Q15735759,,,,
Q15764425,Sociology of Religion,EC3A893F-28BD-4354-98DD-351B1F438CEC,1759-8818,Q1714118,,,,1643281ef6e577673e4272176fc12a9fcfa37747,Q15735759,,,,
Q15764810,Prooftexts,3075D42E-664A-43E8-935A-D30869F87DD7,1086-3311,Q1714118,,,,1643281ef6e577673e4272176fc12a9fcfa37747,Q15735759,,,,
Q15764810,Prooftexts,5F3078BC-AA59-47E3-8A66-B278C6407C16,0272-9601,Q1261026,,,,1643281ef6e577673e4272176fc12a9fcfa37747,Q15735759,,,,
Q15765278,Peace Studies Journal,33612BC5-042F-4A5F-A60B-38790CB0AF38,2151-0806,Q1714118,,,,1643281ef6e577673e4272176fc12a9fcfa37747,Q15735759,,,,
Q15765352,Revue Biblique,40EA0BE2-D2CB-435F-9E4C-EE6910F03240,0035-0907,Q1261026,,,,1643281ef6e577673e4272176fc12a9fcfa37747,Q15735759,,,,
Q15765352,Revue Biblique,ADE95CF5-B8BC-4744-BA2C-CAE65874D776,1240-3032,Q1714118,,,,,,,,,
Q15766254,Pastoral Psychology,3AA7F074-E506-49DB-ADAC-EDCDFE6E13F1,1573-6679,Q1714118,,,,1643281ef6e577673e4272176fc12a9fcfa37747,Q15735759,,,,
Q15766254,Pastoral Psychology,BCF8DCE7-4307-433F-BAF3-1B5EFD31FB26,0031-2789,Q1261026,,,,1643281ef6e577673e4272176fc12a9fcfa37747,Q15735759,,,,
Q15766683,Teaching Theology and Religion,39614903-67B9-4B6E-B5FB-47BF955D3109,1368-4868,Q1261026,,,,1643281ef6e577673e4272176fc12a9fcfa37747,Q15735759,,,,
Q15766683,Teaching Theology and Religion,A78214D8-5508-40F8-B57E-B201FCC9822F,1467-9647,Q1714118,,,,1643281ef6e577673e4272176fc12a9fcfa37747,Q15735759,,,,
Q15766739,The Germanic Review,14A8EF47-D977-4D82-8D63-ACA07EB5928F,0016-8890,,,,,1643281ef6e577673e4272176fc12a9fcfa37747,Q15735759,,,,
Q15766739,The Germanic Review,570ECADC-3697-4281-9EFC-0C83D1C36EEB,1930-6962,Q1714118,,,,1643281ef6e577673e4272176fc12a9fcfa37747,Q15735759,,,,
Q15766750,Journal of Children and Poverty,6EB5F6FA-3323-436E-80DD-7BE33EB55F8A,1469-9389,Q1714118,,,,1643281ef6e577673e4272176fc12a9fcfa37747,Q15735759,,,,
Q15766750,Journal of Children and Poverty,861760E8-E89A-4D2D-B486-1BE37BC238B0,1079-6126,Q1261026,,,,1643281ef6e577673e4272176fc12a9fcfa37747,Q15735759,,,,
Q15767078,Australian Biblical Review,7601B14D-7D09-4050-AAB3-2C499E738E46,0045-0308,Q1261026,,,,1643281ef6e577673e4272176fc12a9fcfa37747,Q15735759,,,,
Q15767222,Theology and Sexuality,13327CC2-F365-4DB5-A835-FB55F6D3367D,1355-8358,Q1261026,,,,1643281ef6e577673e4272176fc12a9fcfa37747,Q15735759,,,,
Q15767222,Theology and Sexuality,A691BA0A-7CDD-401C-8253-201413F6C6EE,1745-5170,Q1714118,,,,1643281ef6e577673e4272176fc12a9fcfa37747,Q15735759,,,,
Q15767535,Journal of the Society of Christian Ethics,BBF767B8-9038-4C88-9AA6-5C9E8E7B0279,2326-2176,Q1714118,,,,,,,,,
Q15767535,Journal of the Society of Christian Ethics,BD69AF67-040E-4976-8EFF-B49E2F4A960A,1540-7942,Q1261026,,,,1643281ef6e577673e4272176fc12a9fcfa37747,Q15735759,,,,
Q15767635,Method and Theory in the Study of Religion,B2857BAD-741E-4DE2-B53E-18325018A698,0943-3058,Q1261026,,,,1643281ef6e577673e4272176fc12a9fcfa37747,Q15735759,,,,
Q15767635,Method and Theory in the Study of Religion,D3869DEC-08D4-4E2D-8CDC-A3567C5BF0C3,1570-0682,Q1714118,,,,1643281ef6e577673e4272176fc12a9fcfa37747,Q15735759,,,,
Q15816429,Dialog,B183C646-FB40-44CD-8E38-2BC2F43A767B,0012-2033,Q1261026,,,,cb027ec1dd27a771321740db85c04f34345e3922,Q15794938,,,,
Q15816429,Dialog,D5CE7AD3-FC3C-4E39-A216-719EB15CEFF8,1540-6385,Q1714118,,,,cb027ec1dd27a771321740db85c04f34345e3922,Q15794938,,,,
Q15816598,Homiletic,41445DC6-6497-42C5-B814-65AC2ABD262F,0738-0534,Q1261026,,,,,,,,,
Q15816598,Homiletic,6A1869EE-949A-44D3-A855-2CBF8B42B473,2152-6923,Q1714118,,,,cb027ec1dd27a771321740db85c04f34345e3922,Q15794938,,,,
Q15816830,Black Theology,A22F19BF-FBBB-4ADA-9C21-61F0D0B738C1,1743-1670,Q1714118,,,,cb027ec1dd27a771321740db85c04f34345e3922,Q15794938,,,,
Q15816830,Black Theology,FE12A5DF-0C29-4845-88F3-5EBA10BD5233,1476-9948,Q1261026,,,,cb027ec1dd27a771321740db85c04f34345e3922,Q15794938,,,,
Q15816920,Bulletin for the Study of Religion,6EED702B-E4BE-4E32-B9D6-D7A229F4A42E,2041-1863,Q1261026,,,,cb027ec1dd27a771321740db85c04f34345e3922,Q15794938,,,,
Q15816920,Bulletin for the Study of Religion,BEB1BA2C-50C5-4D85-AAB2-06521AEC713C,2041-1871,Q1714118,,,,cb027ec1dd27a771321740db85c04f34345e3922,Q15794938,,,,
Q15817029,Sociological Focus,10CF316A-FCB9-4039-BC58-CCB9D5D059BB,0038-0237,,,,,cb027ec1dd27a771321740db85c04f34345e3922,Q15794938,,,,
Q15817029,Sociological Focus,584A8BA5-1E8C-45B1-91AC-264BDD5E9FAB,2162-1128,Q1714118,,,,62de6b9f624276897cdb2b524ab8c61255a67ff4,,https://api.crossref.org/journals/2162-1128,5a222f4e76bbcf99182811d78451dd85,2018-03-23T00:00:00Z,11
Q15817589,International Journal of Africana Studies,7C39EBD7-53EE-47C8-9E33-0A4B0CE3FEAF,1056-8689,,,,,cb027ec1dd27a771321740db85c04f34345e3922,Q15794938,,,,
Q15817868,East European Jewish Affairs,8579D4AD-6AC8-404D-A11E-C8B1DA16231E,1743-971X,Q1714118,,,,cb027ec1dd27a771321740db85c04f34345e3922,Q15794938,,,,
Q15817868,East European Jewish Affairs,DE2BAF90-A4DD-47DE-BEBB-A2A1C5FF9299,1350-1674,Q1261026,,,,cb027ec1dd27a771321740db85c04f34345e3922,Q15794938,,,,
Q15817924,Images: a journal of Jewish art and visual culture,547F74D3-F576-4C7E-BCA4-A57092585A3C,1871-8000,Q1714118,,,,cb027ec1dd27a771321740db85c04f34345e3922,Q15794938,,,,
Q15817924,Images: a journal of Jewish art and visual culture,945A4C6E-970A-4BA0-B3C5-3537DB87AA01,1871-7993,Q1261026,,,,cb027ec1dd27a771321740db85c04f34345e3922,Q15794938,,,,
Q15864016,Christian History Magazine,,,,,,,,,,,,
Q1592810,Hebrew Bible and Ancient Israel,472BD1F2-71F5-4E8F-93B1-47204FAEB0E4,2192-2276,Q1261026,,,,,,,,,
Q1667631,International Council of Christians and Jews,,,,,,,,,,,,
Q16857550,transversal,5f96f91f-4e5b-d1a6-27f0-88b3eebba11b,2391-7385,Q1714118,,,,cfd697a99ce1b4308e5c6bc8c44ce885d5ecf865,Q1227538,,,,
Q16857550,transversal,a841d79f-46e7-f6d5-4ce5-4960dc1e8f28,1607-629X,Q1261026,,,,,,,,,
Q1709853,Journal of Late Antiquity,14C5237C-DECB-40D7-B032-6CDBF386E2B2,1939-6716,Q1261026,,,,,,,,,
Q1709853,Journal of Late Antiquity,298B1E82-B00C-4577-A1C1-5C84D07D1423,1942-1273,Q1714118,,,,,,,,,
Q1713347,Junge Kirche,9D2C8042-74C9-4260-80A9-0F6A4F709ED4,0022-6319,Q1261026,,,,,,,,,
Q1766173,Choice: current reviews for academic libraries,DE3F6EDB-90D8-4511-85A4-C1E59CCE4206,1523-8253,Q1714118,,,,4879088c5cc74e66e896cd17f86b47df0b76934e,,https://api.crossref.org/journals/1523-8253,5a222f4e76bbcf99182811d78451dd85,2018-03-23T00:00:00Z,11
Q1766173,Choice: current reviews for academic libraries,1C1335B1-96E0-4297-BE67-9C26547F2D62,0009-4978,Q1261026,,,,,,,,,
Q18215981,Sage Open,f2238a51-4687-349b-2017-3f505b192bca,2158-2440,,,,,cfd697a99ce1b4308e5c6bc8c44ce885d5ecf865,Q1227538,,,,
Q1825683,The Christian Century,A143C25B-7233-425D-8B1C-CADC28326796,0009-5281,Q1261026,,,,,,,,,
Q1825683,The Christian Century,69cc8566-46f4-d884-849e-4e18e05d3f07,2163-3312,Q1714118,,,,,,,,,
Q18350356,Humanity & Society,0E658CC4-3C5E-4ED6-921D-67DFAC7239B4,0160-5976,Q1261026,,,,,,,,,
Q18350356,Humanity & Society,9ED4721E-0705-4ECD-B6F7-856826AFF9E6,2372-9708,Q1714118,,,,0b37da2deb883d7e66c52471e76140f5673a3456,,https://api.crossref.org/journals/2372-9708,5a222f4e76bbcf99182811d78451dd85,2018-03-23T00:00:00Z,11
Q18392457,Spring,8ac1daa3-402c-2272-0220-95d134349120,0362-0522,Q1261026,,,,,,,,,
Q186695,Zeitschrift fuer Kirchengeschichte,927FCE0A-90B6-4B4F-98E5-2E178D38CB5D,0044-2925,Q1261026,,,,,,,,,
Q186800,Zeitschrift fuer die Alttestamentliche Wissenschaft,A4634C19-43AD-47A5-A377-4BD674958395,1613-0103,Q1714118,,,,,,,,,
Q186800,Zeitschrift fuer die Alttestamentliche Wissenschaft,B08C363F-3E34-4BEC-A310-E793BD19C302,0044-2526,Q1261026,,,,,,,,,
Q19392473,Tidsskrift for teologi og kirke,81CAA72B-B9D9-486E-A79D-352FC492BDED,0040-7194,Q1261026,,,,,,,,,
Q1941982,Modern Austrian Literature,2cd31832-4a1b-e482-bda7-c6be4aac12df,2474-3240,Q1714118,,,,,,,,,
Q1941982,Modern Austrian Literature,6230c414-4a81-d261-4700-49531c7b17f3,0026-7503,Q1261026,,,,1643281ef6e577673e4272176fc12a9fcfa37747,Q15735759,,,,
Q1952131,The International Journal of Psychoanalysis,CC219D6D-86C7-490B-8792-D2D2C1153ECC,0020-7578,Q1261026,,,,cb027ec1dd27a771321740db85c04f34345e3922,Q15794938,,,,
Q1952131,The International Journal of Psychoanalysis,FA8DD497-CB90-4178-B32B-686157084526,1745-8315,Q1714118,,,,cb027ec1dd27a771321740db85c04f34345e3922,Q15794938,,,,
Q1953273,Nova Religio,00416F5C-B741-4805-B6C8-5B6CF0F3EF46,1092-6690,Q1261026,,,,,,,,,
Q1953273,Nova Religio,4A6F8675-338B-4ACC-B4B1-BC9462A48EB2,1541-8480,Q1714118,,,,,,,,,
Q20081140,Church History : Studies in Christianity and Culture,61387c61-4e0c-e59c-2e9e-2daeb4d50f07,1755-2613,,,,,,,,,,
Q20081140,Church History : Studies in Christianity and Culture,ec594ed2-41d2-b4ef-674e-82dfee78b280,0009-6407,Q1261026,,,,,,,,,
Q20925657,The American Historian,32e3b567-411f-8f32-ceec-1f8c0500a6b9,2334-1394,Q1261026,,,,,,,,,
Q2285224,Signs,4231163F-9A81-424E-A208-3E14E25BBBD6,1545-6943,Q1714118,,,,cb027ec1dd27a771321740db85c04f34345e3922,Q15794938,,,,
Q2285224,Signs,CEA6B744-5AC2-4611-86B3-157254401AE2,0097-9740,Q1261026,,,,,,,,,
Q22907599,Currents in Theology and Mission,3E24FC5F-D03C-4296-9711-219961753B66,0098-2113,Q1261026,,,,,,,,,
Q22908629,Semeia,38259be5-49d6-84cf-cac7-4c778ff93715,0095-571X,Q1261026,,,,,,,,,
Q24037678,H-Net Reviews,6c9be215-4e13-18c3-fb54-fc58496afedf,1538-0661,Q1714118,,,,,,,,,
Q2412214,The Jewish Quarterly Review,5F03A040-E035-47EB-95E1-DA04BC5F007A,0021-6682,Q1261026,,,,,,,,,
Q2412214,The Jewish Quarterly Review,D8C61692-4C11-4EBE-BA67-4D034EF510F0,1553-0604,Q1714118,,,,,,,,,
Q27711434,Health progress,4B8D29F9-4945-4879-ACB3-276493E66B6B,0882-1577,Q1261026,,,,,,,,,
Q27713170,"Second opinion (Park Ridge, Ill.)",0ADEF88F-DA70-4C50-A506-55361AA74006,0890-1570,Q1261026,,,,,,,,,
Q27715539,Baptist history and heritage,3E646D62-4F2E-43D1-A97C-FC19776A89ED,0005-5719,Q1261026,,,,,,,,,
Q27715702,The Centennial review,3BB1FE75-9597-422A-9146-4C1F9B7A0B29,0162-0177,Q1261026,,,,,,,,,
Q27715950,Koinonia,79CF6B5F-8A58-4361-B7D3-2B6258A25CE7,1047-1057,Q1261026,,,,,,,,,
Q27716433,Soviet studies,95A4B4BB-AD12-4A92-A216-CFCB6080B6AE,0038-5859,Q1261026,,,,,,,,,
Q27716914,Sh'ma : a journal of Jewish responsibility,77D4CF39-E492-4477-A1A8-0DEC2C027280,0049-0385,Q1261026,,,,,,,,,
Q27716917,Christianity and crisis,21218501-90D9-4876-B658-76AC621D2DC7,0009-5745,Q1261026,,,,,,,,,
Q27716963,U.S. Catholic,3FFB6AED-B246-451B-8D94-67D38EB0D6EB,0041-7548,Q1261026,,,,,,,,,
Q27717019,Church and society,9D5354AA-4FAA-4E12-845B-ECF4AEC08E32,0037-7805,Q1261026,,,,,,,,,
Q27717126,Wesleyan theological journal,85AAE96A-4D7A-4A96-8385-EAB5AAC8B2DB,0092-4245,Q1261026,,,,,,,,,
Q27717156,Criterion,954FC7B2-59A0-46AD-8660-63D02B94ACC7,0590-0980,Q1261026,,,,,,,,,
Q27717207,Encounter,1D49D909-35E9-48C0-B80B-31C2A1706D40,0013-7081,Q1261026,,,,,,,,,
Q27717700,Research in the sociology of health care,34882BF3-A4EF-4C15-BB35-DB962C729467,1875-7936,Q1714118,,,,,,,,,
Q27717700,Research in the sociology of health care,90892E36-9D16-4B42-B72D-9F1F77C06A16,0275-4959,Q1261026,,,,,,,,,
Q27718682,The Western journal of black studies,54678591-A5D8-4221-B2BD-C58D73477F6C,0197-4327,,,,,,,,,,
Q27719187,Bulletin of the Park Ridge Center,,,,,,,,,,,,
Q27719353,Conscience,FB87D7DF-7336-4B49-884D-0602944E642C,0740-6835,Q1261026,,,,,,,,,
Q27722157,Simulation in healthcare,407BA9D0-7379-4A14-ADC5-128488BF6169,1559-713X,Q1714118,,,,,,,,,
Q27722157,Simulation in healthcare,4834FB45-1547-4836-864A-C3207DB2872D,1559-2332,Q1261026,,,,,,,,,
Q27723089,American Baptist quarterly,1095C1C8-6336-41FA-8F20-471B1B7E6E2E,0745-3698,Q1261026,,,,,,,,,
Q27724813,Journal for social action in counseling and psychology,B7305175-F6EE-4023-8B0C-C2D233ABE227,2159-8142,Q1714118,,,,,,,,,
Q27724937,The journal of the Interdenominational Theological Center,2074ADFA-733C-4353-8C20-0700F2261172,0092-6558,Q1261026,,,,,,,,,
Q27725823,International journal of social science studies,49E266D1-9DF6-4955-982E-0F3517F1AB7C,2324-8041,Q1714118,,,,,,,,,
Q27725823,International journal of social science studies,9E0A91B4-8EC7-4A78-87D3-EB8EC388694E,2324-8033,Q1261026,,,,,,,,,
Q28152794,The Biblical Archaeologist,0bb20ba1-43f2-a158-6de8-9a1a15e05280,0006-0895,Q1261026,,,,,,,,,
Q28152794,The Biblical Archaeologist,5778d133-4396-cfa9-a210-1c3dab95fedb,2325-534X,Q1714118,,,,,,,,,
Q2842807,America,C9365E14-4753-49F2-946B-DDA91A69959D,0002-7049,Q1261026,,,,,,,,,
Q28872485,Revue germanique internationale,BE839AE1-7C0C-4ED7-B694-8BF408B5AC63,1253-7837,Q1261026,,,,,,,,,
Q28872485,Revue germanique internationale,d07b01ad-49fb-90fb-48c3-212c5ed4136c,1775-3988,Q1714118,,,,,,,,,
Q303410,Concilium,2F684422-8CBA-4AAB-B701-3F7157111F66,0010-5236,Q1261026,,,,cb027ec1dd27a771321740db85c04f34345e3922,Q15794938,,,,
Q303410,Concilium,A86B46B9-D6D2-4832-B521-06291E160A9A,0210-1041,,,,,,,,,,
Q3074754,Focus,,,,,,,,,,,,
Q3138561,History Today,41601773-7C93-4B7D-96CA-DE0941D03554,0018-2753,Q1261026,,,,,,,,,
Q3521429,The Jerusalem Report,0D9DADC8-D50F-44E0-80FB-909BD5922AA0,0792-6049,Q1261026,,,,,,,,,
Q3523724,Theological Studies,1FE5E287-C708-44BA-A42E-BBDF39E7B8EE,2169-1304,Q1714118,,,,36cd573425c873bfb236b993e285640d04bbc978,,,5a222f4e76bbcf99182811d78451dd85,2018-03-23T00:00:00Z,11
Q3523724,Theological Studies,9D32CE8F-6C33-4169-908D-A5AE507F3EF0,0040-5639,Q1261026,,,,,,,,,
Q3656266,American Imago,C3D5D20A-3414-438A-8975-1EF44C0A5426,1085-7931,Q1714118,,,,,,,,,
Q3656266,American Imago,D0E8D528-4F77-4D00-877C-25515105B2B2,0065-860X,,,,,,,,,,
Q3669366,Perspectives in Biology and Medicine,BD5AFDDE-A8D5-4FA2-8672-CBC124F124FE,0031-5982,Q1261026,,,,,,,,,
Q3669366,Perspectives in Biology and Medicine,FF188F20-291F-4B06-AA44-2F35B17E7DB8,1529-8795,Q1714118,,,,,,,,,
Q38312865,New Directions for Philanthropic Fundraising,31007C4B-75BF-4EF9-BB6F-9B86928BCBF3,1072-172X,Q1261026,,,,88eccf8ceda355762d02bc8e1bcdfa53a29ff2e8,,https://api.crossref.org/journals/1072-172X,5a222f4e76bbcf99182811d78451dd85,2018-03-23T00:00:00Z,11
Q38312865,New Directions for Philanthropic Fundraising,379d1ddb-4f44-f356-7d2a-221c8e623dbe,1542-7846,Q1714118,,,,,,,,,
Q389936,The American Historical Review,AA04F578-7500-4B3D-85EC-7261E621A07F,0002-8762,Q1261026,,,,,,,,,
Q389936,The American Historical Review,E4E2EE7B-C612-4EFD-9319-20241D9AA067,1937-5239,Q1714118,,,,,,,,,
Q4041879,Journal of Biblical Literature,12521396-8D7F-46C0-BFC1-FEF212429734,0021-9231,Q1261026,,,,,,,,,
Q4041879,Journal of Biblical Literature,FD17CE14-C083-4150-A8F3-CEA475CBD526,1934-3876,Q1714118,,,,cb027ec1dd27a771321740db85c04f34345e3922,Q15794938,,,,
Q4041903,The Journal of Theological Studies,1DC42023-1769-4104-84E8-6EADA91E150C,1477-4607,Q1714118,,,,,,,,,
Q4041903,The Journal of Theological Studies,BAE0D328-5ED2-4B6B-B96F-AADA8B080980,0022-5185,Q1261026,,,,,,,,,
Q4051385,HTS Theological Studies/Teologiese Studies,99A0631E-44BE-44D3-8EFA-EB73E6C88A5E,0259-9422,Q1261026,,,,cfd697a99ce1b4308e5c6bc8c44ce885d5ecf865,Q1227538,,,,
Q4051385,HTS Theological Studies/Teologiese Studies,9C06B4E3-245A-4889-8D6E-3665F9A93005,2072-8050,Q1714118,,,,cfd697a99ce1b4308e5c6bc8c44ce885d5ecf865,Q1227538,,,,
Q4051386,Theology Today,53670581-3E75-4CBA-9407-D8B532BB3050,0040-5736,Q1261026,,,,,,,,,
Q4051386,Theology Today,6FAB8887-BA0C-4760-9451-C1F30A6DDE6E,2044-2556,Q1714118,,,,,,,,,
Q4903105,Bible Review,3378D8C9-ADC2-4560-8516-E4A065E999AD,1544-2160,Q1261026,b7d2f0cd6078582b7912deb83efe6450,1992-01-01T00:00:00Z,9,cb027ec1dd27a771321740db85c04f34345e3922,Q15794938,,,,
Q4903105,Bible Review,3D22074F-DBD9-4BFE-93F7-68FC1BF8BDBB,8755-6316,,,,,,,,,,
Q4903257,Biblica,3B645DCA-B1D0-4AB8-8261-4CBC31C01FCD,0006-0887,Q1261026,,,,,,,,,
Q4903257,Biblica,7307762c-4b5f-dfda-1e50-9fc8162589c2,2385-2062,Q1714118,,,,,,,,,
Q4903261,Biblical Archaeology Review,1E49C555-0302-4F42-9312-AD343FBC5C8A,0098-9444,Q1261026,e9fb92a10cba9810496dcd2069ca7a89,2005-01-01T00:00:00Z,9,,,,,,
Q4903264,Biblical Interpretation,B8862914-F3FB-464E-B094-D49E74488B84,1568-5152,Q1714118,,,,cb027ec1dd27a771321740db85c04f34345e3922,Q15794938,,,,
Q4903264,Biblical Interpretation,E3422F22-A442-4841-B420-62E4D3F69F81,0927-2569,Q1261026,,,,,,,,,
Q4903269,Biblical Theology Bulletin,52171142-800E-45FA-8DBB-8B8896F26F14,0146-1079,Q1261026,,,,,,,,,
Q4903269,Biblical Theology Bulletin,C8F5ED43-2481-433B-A800-B9912F856A38,1945-7596,Q1714118,,,,,,,,,
Q4914884,Biography,B48B29D6-EFC4-43AC-AF53-B8955AAAAB13,0162-4962,Q1261026,,,,,,,,,
Q4914884,Biography,C24EC07E-6CF6-4FCF-8DB3-85D2D7096BB9,1529-1456,Q1714118,,,,,,,,,
Q4984286,Buddhist-Christian Studies,288E7C82-9A96-44EB-9074-B4D2B522B63A,1527-9472,Q1714118,,,,,,,,,
Q4984286,Buddhist-Christian Studies,A8E64336-C015-4D18-99A8-D76DBEEF3AD2,0882-0945,Q1261026,,,,,,,,,
Q5024509,Calvin Theological Journal,693FF029-A035-436D-91E3-96A40358E241,0008-1795,Q1261026,,,,,,,,,
Q50426286,Estudos Teológicos,01243303-F3CB-4820-A6BD-C3EC886D7163,2237-6461,Q1714118,,,,cfd697a99ce1b4308e5c6bc8c44ce885d5ecf865,Q1227538,,,,
Q50426286,Estudos Teológicos,05BD9721-C92C-459E-867E-9A68954E6857,0101-3130,Q1261026,,,,cfd697a99ce1b4308e5c6bc8c44ce885d5ecf865,Q1227538,,,,
Q50426286,Estudos Teológicos,05BD9721-C92C-459E-867E-9A68954E6857,0101-3130,Q1261026,,,,2074731cccec6b1b140b471bdfdbaf6cc0683ecc,Q1227538,https://doaj.org/toc/0101-3130,aac34e923e2709b62d83e34900e505f5,2018-03-29T00:00:00Z,11
Q50426426,Estudos de Religião,6F3C89F1-D5D1-4FDC-80C9-C822770E1E1F,0103-801X,Q1261026,,,,7d86a461ec09093a75573d9b93c24394a0efacd9,Q1227538,https://doaj.org/toc/0103-801X,aac34e923e2709b62d83e34900e505f5,2018-03-29T00:00:00Z,11
Q50426426,Estudos de Religião,971F2F04-0F2B-43FA-A32B-409FEE4A3A57,2176-1078,Q1714118,,,,cfd697a99ce1b4308e5c6bc8c44ce885d5ecf865,Q1227538,,,,
Q50432461,Nederduitse Gereformeerde Teologiese Tydskrif,857F19D1-F329-4A4E-B4A3-2EE1417B3F97,0028-2006,Q1261026,,,,1e7044fcde80ed114937d4170914113213046d66,Q1227538,https://doaj.org/toc/0028-2006,aac34e923e2709b62d83e34900e505f5,2018-03-29T00:00:00Z,11
Q50432461,Nederduitse Gereformeerde Teologiese Tydskrif,CEB3613C-6C12-48AB-8FD6-2404C8908DBB,2226-2385,Q1714118,,,,cfd697a99ce1b4308e5c6bc8c44ce885d5ecf865,Q1227538,,,,
Q50434867,XVII-XVIII,E8F10B63-98C5-4F4A-9A3D-CFA27E73436F,2117-590X,Q1714118,a4cd9904a78844d854ea927fbdded8f2,2012-01-01T00:00:00Z,9,cfd697a99ce1b4308e5c6bc8c44ce885d5ecf865,Q1227538,,,,
Q50434867,XVII-XVIII,0D8C5045-EBBD-43AC-8B31-E566BA304B77,0291-3798,Q1261026,,,,cfd697a99ce1b4308e5c6bc8c44ce885d5ecf865,Q1227538,,,,
Q50434867,XVII-XVIII,0D8C5045-EBBD-43AC-8B31-E566BA304B77,0291-3798,Q1261026,,,,b12a68bc418f580192451aef90bbc79f0d492b6a,Q1227538,https://doaj.org/toc/0291-3798,aac34e923e2709b62d83e34900e505f5,2018-03-29T00:00:00Z,11
Q50478535,The Covenant Quarterly,50F8B018-BC91-4A4B-9429-B75B5E4A233F,0361-0934,Q1261026,,,,cfd697a99ce1b4308e5c6bc8c44ce885d5ecf865,Q1227538,,,,
Q50478535,The Covenant Quarterly,50F8B018-BC91-4A4B-9429-B75B5E4A233F,0361-0934,Q1261026,,,,c0355422716bacb2dc9f4e86b869646a2cca6912,Q1227538,https://doaj.org/toc/0361-0934,aac34e923e2709b62d83e34900e505f5,2018-03-29T00:00:00Z,11
Q50478535,The Covenant Quarterly,77F1530C-9B5C-42A1-B363-8FF2BF272006,2380-8829,Q1714118,,,,cfd697a99ce1b4308e5c6bc8c44ce885d5ecf865,Q1227538,,,,
Q5053078,Catholic Biblical Quarterly,083C5ACA-81AE-4EA0-A1B6-C4942CEA73E3,0008-7912,Q1261026,,,,,,,,,
Q5053078,Catholic Biblical Quarterly,29b5a19f-4c53-dcbc-53e2-7a26bbdb6ab8,2163-2529,Q1714118,,,,,,,,,
Q5061045,Central European History,3A932C93-799F-464D-A5E8-167DC5D5DDCD,0008-9389,Q1261026,,,,,,,,,
Q5061045,Central European History,BBB8636E-5442-43BD-BFAF-9CBBA7FD72AB,1569-1616,Q1714118,,,,,,,,,
Q50814896,Studies in Christian-Jewish Relations,2129225D-B608-44EF-B4C2-A3962D424525,1930-3777,Q1714118,,,,cfd697a99ce1b4308e5c6bc8c44ce885d5ecf865,Q1227538,,,,
Q50815593,Journal of French and Francophone Philosophy,9C2F5C5B-E4AB-4DAB-955B-159D412CADF7,2155-1162,Q1714118,,,,cfd697a99ce1b4308e5c6bc8c44ce885d5ecf865,Q1227538,,,,
Q50816836,Podium,8F356632-9B08-4CD1-A375-39789002B11D,2316-932X,,,,,cfd697a99ce1b4308e5c6bc8c44ce885d5ecf865,Q1227538,,,,
Q5123518,City and Community,8AA91F58-2E74-4D36-B147-B8E40EEA4E4A,1535-6841,Q1261026,,,,,,,,,
Q5123518,City and Community,C33F42DD-7A51-4FD7-85FB-271BA75283E1,1540-6040,Q1714118,,,,,,,,,
Q5146365,College English,F0A8B911-D07A-430C-959C-7E31B60E6694,0010-0994,,,,,edb1bdba39382fabef9f5f86f09ad7ffb8f5c5ab,,https://ufm.dk/forskning-og-innovation/statistik-og-analyser/den-bibliometriske-forskningsindikator/BFI-lister/bfi-listen_for_serier_2018.xlsx,6e4fd8d5b2699e4db2defd6a34986895,2018-11-28T00:00:00Z,11
Q5158991,Concordia Theological Quarterly,D4D61247-FC9D-463D-B0CC-554F4E3469C0,0038-8610,Q1261026,,,,,,,,,
Q5165005,Contemporary Sociology,A1ED9885-8928-47EF-A393-768AFF091A0B,0094-3061,Q1261026,,,,,,,,,
Q5165005,Contemporary Sociology,C73A8D88-C728-4691-A2AC-E50304055A7F,1939-8638,Q1714118,,,,,,,,,
Q5188217,CrossCurrents,02AB7687-19C4-4206-937C-05C0618D47C1,1939-3881,Q1714118,,,,,,,,,
Q5188217,CrossCurrents,C0DF6DDE-48F5-4509-A88D-F796F59B616A,0011-1953,Q1261026,,,,,,,,,
Q5281463,DisciplesWorld,dae6c326-4b7e-02ce-58bc-4d23815f6d27,1539-1671,Q1261026,,,,,,,,,
Q5382167,Ephemerides Theologicae Lovanienses,019134EF-F8F0-471D-8A50-13742BD59C21,1783-1423,Q1714118,,,,cb027ec1dd27a771321740db85c04f34345e3922,Q15794938,,,,
Q5382167,Ephemerides Theologicae Lovanienses,02254B97-9A66-482E-B010-4D4147A30710,0013-9513,Q1261026,,,,,,,,,
Q5419149,Ex Auditu,F998B9A1-6A26-407F-BC3E-F41955AA47B4,0883-0053,Q1261026,,,,,,,,,
Q5421618,Expository Times,A63CF186-0F44-4671-8140-0A7688AE1C30,1745-5308,Q1714118,,,,,,,,,
Q5421618,Expository Times,AA75E463-AB01-4609-AA90-52B621730033,0014-5246,Q1261026,,,,,,,,,
Q5433232,Family Relations,CCDEC277-301B-4802-80B5-1CC064436C9A,0197-6664,Q1261026,,,,,,,,,
Q5433232,Family Relations,DED35402-6DAF-42AD-97BA-EE386595C06C,1741-3729,Q1714118,,,,,,,,,
Q5442855,Feminist Criminology,583EB3A1-0EF2-42F9-9A23-C60B91813119,1557-0851,,,,,,,,,,
Q5442855,Feminist Criminology,CD18267A-E992-4FD6-BC54-C281FA4EA035,1557-086X,Q1714118,,,,cb027ec1dd27a771321740db85c04f34345e3922,Q15794938,,,,
Q5442869,Feminist Theology,21A9CC0B-CB6D-4B37-B7BB-3BA44C856469,1745-5189,,,,,cb027ec1dd27a771321740db85c04f34345e3922,Q15794938,,,,
Q5442869,Feminist Theology,65134F0D-FB08-4604-836F-C33C258FD85A,0966-7350,Q1261026,,,,,,,,,
Q5448899,Film & History,97D3A34B-920B-4EC9-B1F1-9F2F153F63CC,0360-3695,Q1261026,,,,,,,,,
Q5551256,German Studies Review,54EE958A-6576-4030-B62C-C537DEB6780C,0149-7952,Q1261026,,,,edb1bdba39382fabef9f5f86f09ad7ffb8f5c5ab,,https://ufm.dk/forskning-og-innovation/statistik-og-analyser/den-bibliometriske-forskningsindikator/BFI-lister/bfi-listen_for_serier_2018.xlsx,6e4fd8d5b2699e4db2defd6a34986895,2018-11-28T00:00:00Z,11
Q5551256,German Studies Review,83e95859-480b-be85-c344-edfd3abb77d9,2164-8646,Q1714118,,,,,,,,,
Q5618698,Holocaust and Genocide Studies,8398A5D7-138D-4373-BF98-A1B2C9FFC4D4,1476-7937,Q1714118,,,,,,,,,
Q5618698,Holocaust and Genocide Studies,B834B283-55FD-4651-90A5-E194B969BA54,8756-6583,Q1261026,,,,cb027ec1dd27a771321740db85c04f34345e3922,Q15794938,,,,
Q5676604,Harvard Theological Review,248FBCDA-75FA-4441-A357-673A87F50557,0017-8160,Q1261026,,,,,,,,,
Q5676604,Harvard Theological Review,6B3D11C3-750C-48F0-964B-14F0C6300EE5,1475-4517,Q1714118,,,,,,,,,
Q57070350,,,,,,,,,,,,,
Q5715171,Henoch,CF4A5663-C853-4F8F-A8B6-7204B0D0C2C3,0393-6805,,,,,,,,,,
Q5715171,Henoch,741485be-45e5-5e5f-9485-92a9ec3981b4,2611-8076,Q1714118,,,,,,,,,
Q57615071,Critical Research on Religion,B026937C-DDEF-48B0-BDDF-1776F00AE549,2050-3040,Q1714118,,,,8947f4e3a20ae5d1dd5b47b001d149371b625729,,https://api.crossref.org/journals/2050-3040,d2ac74a6a3020bf406df582f161579d4,2018-10-22T00:00:00Z,11
Q57615071,Critical Research on Religion,F273BD89-29CF-4F2E-A184-484619D4E09F,2050-3032,Q1261026,,,,a3943edf97c12dc26085311535a3e4178003ab0d,,http://www.sherpa.ac.uk/romeo/search.php?issn=2050-3032,d2ac74a6a3020bf406df582f161579d4,2018-10-22T00:00:00Z,11
Q57615071,Critical Research on Religion,F273BD89-29CF-4F2E-A184-484619D4E09F,2050-3032,Q1261026,,,,a3943edf97c12dc26085311535a3e4178003ab0d,,https://api.crossref.org/journals/2050-3032,d2ac74a6a3020bf406df582f161579d4,2018-10-22T00:00:00Z,11
Q589209,Bulletin of the American Schools of Oriental Research,2A425BBF-7386-47AC-B291-9E0A4D165500,2161-8062,Q1714118,,,,b7be47ec3731620dc435dd990ffe5a3977d7987b,,https://api.crossref.org/journals/2161-8062,5a222f4e76bbcf99182811d78451dd85,2018-03-23T00:00:00Z,11
Q589209,Bulletin of the American Schools of Oriental Research,2DD3D1CD-96DA-4DAD-9E2B-FDCFFB418A3B,0003-097X,Q1261026,,,,,,,,,
Q5957267,Hypatia (journal),012604DE-7C83-4F78-A9D0-37CB869B782D,1527-2001,Q1714118,,,,,,,,,
Q5957267,Hypatia (journal),A5CDA525-2A35-47D5-99A6-CEA031EF0FAC,0887-5367,Q1261026,,,,,,,,,
Q6005495,The Historian,4311738D-638D-41E3-BDDE-03B93D703E30,1540-6563,Q1261026,,,,,,,,,
Q6005495,The Historian,5AF603D5-9287-4368-8429-004B5F803C05,0018-2370,Q1714118,,,,,,,,,
Q6071283,Irish Theological Quarterly,45FAE304-C0AB-4CED-8E29-3E5325CD1851,1752-4989,,,,,cb027ec1dd27a771321740db85c04f34345e3922,Q15794938,,,,
Q6071283,Irish Theological Quarterly,55F29998-6459-458A-8CF2-41907EB197A3,0021-1400,Q1261026,,,,,,,,,
Q6087079,Proceedings of the American Philosophical Society,08855401-3AD1-4062-BC31-DA67A171BB44,0003-049X,Q1261026,,,,f1a764ec9c2f473174fafa6334c2e82bf2e93be0,Q172266,,,,
Q6087079,Proceedings of the American Philosophical Society,384cd324-45d6-03b0-dcbb-7d2176aced63,2326-9243,Q1714118,,,,,,,,,
Q62259203,Journal of Africana Religions,141B7C24-1D73-4149-86D4-C80DEAE058F1,2165-5413,Q1714118,,,,89f536754f9be89d81ff6d76ef4fb7d8367d4721,,https://api.crossref.org/journals/2165-5413,b5c046bc9c4fc43cd5152b9fc19e1bf2,2019-03-22T00:00:00Z,11
Q62259203,Journal of Africana Religions,56F8C458-FBA9-4DE6-95D9-31F125767C2D,2165-5405,Q1261026,,,,9228158cdf18c17663cd32777b5459cb580729fa,,https://api.crossref.org/journals/2165-5405,b5c046bc9c4fc43cd5152b9fc19e1bf2,2019-03-22T00:00:00Z,11
Q6294702,Journal for the Scientific Study of Religion,50052A82-1AFA-46B2-A5C0-60A4F7A1E0D5,1468-5906,Q1714118,,,,,,,,,
Q6294702,Journal for the Scientific Study of Religion,C9ACC25F-9333-4533-8CEF-3BA11B0FA53C,0021-8294,Q1261026,,,,,,,,,
Q6294705,Journal for the Study of the Historical Jesus,16D54B5C-60C3-491A-BE56-10367DEBBFA9,1745-5197,Q1714118,,,,cb027ec1dd27a771321740db85c04f34345e3922,Q15794938,,,,
Q6294705,Journal for the Study of the Historical Jesus,CD9DCCD7-A1BD-440D-94E5-D6EEBF0D30DC,1476-8690,,,,,,,,,,
Q6294706,Journal for the Study of the New Testament,00796B0A-C5E6-4046-A5C4-BAB9A3D7C729,1745-5294,Q1714118,,,,cb027ec1dd27a771321740db85c04f34345e3922,Q15794938,,,,
Q6294706,Journal for the Study of the New Testament,2C23FA53-333C-4D79-8E73-48365994E4B6,0142-064X,Q1261026,,,,,,,,,
Q6294708,Journal for the Study of the Old Testament,D4C4A0B8-5F31-4D6B-AAC1-D68CF157DE6C,1476-6728,Q1714118,,,,cb027ec1dd27a771321740db85c04f34345e3922,Q15794938,,,,
Q6294708,Journal for the Study of the Old Testament,F5F89A50-1149-4041-9D34-7ECA61DE50CE,0309-0892,Q1261026,,,,,,,,,
Q6294865,Journal of Black Studies,09777667-7AF2-484D-9810-35724E3CF91F,0021-9347,Q1261026,,,,,,,,,
Q6294865,Journal of Black Studies,D31103BD-614F-4BB0-B94B-0E33BBA941C8,1552-4566,Q1714118,,,,,,,,,
Q6294876,Journal of British Studies,724EACBC-A408-4BCF-B007-AAD9A6DEB2E2,1545-6986,Q1714118,,,,cb027ec1dd27a771321740db85c04f34345e3922,Q15794938,,,,
Q6294876,Journal of British Studies,E24A78B1-C429-4B25-98C6-968456349D57,0021-9371,Q1261026,,,,edb1bdba39382fabef9f5f86f09ad7ffb8f5c5ab,,https://ufm.dk/forskning-og-innovation/statistik-og-analyser/den-bibliometriske-forskningsindikator/BFI-lister/bfi-listen_for_serier_2018.xlsx,6e4fd8d5b2699e4db2defd6a34986895,2018-11-28T00:00:00Z,11
Q6294950,Journal of Church and State,2EE56125-05FB-42C8-AB79-A52E5C101CD5,0021-969X,Q1261026,,,,,,,,,
Q6294950,Journal of Church and State,5E7CB835-0CBE-47CE-AE31-7CD7F47758D7,2040-4867,Q1714118,,,,,,,,,
Q6295462,Journal of Lutheran Ethics,EF5F1D4B-BAE3-4DDA-B72F-9E68D3D257FD,1538-5264,Q1261026,,,,cb027ec1dd27a771321740db85c04f34345e3922,Q15794938,,,,
Q6295487,Journal of Marriage and Family,505E8603-561B-4117-AD79-B148649A06CB,0022-2445,Q1261026,,,,,,,,,
Q6295487,Journal of Marriage and Family,E25083B3-05C8-4127-A1BB-3C507457EED6,1741-3737,Q1714118,,,,,,,,,
Q6295630,Journal of Near Eastern Studies,1361B8B8-CA86-4032-B6CB-C71EE70419AE,1545-6978,Q1714118,,,,cb027ec1dd27a771321740db85c04f34345e3922,Q15794938,,,,
Q6295630,Journal of Near Eastern Studies,B56ADDEB-083C-47F4-A001-61A232B2E7AF,0022-2968,Q1261026,,,,,,,,,
Q6295844,Journal of Religion & Health,01BBAD58-65C0-4789-A53A-9F7AA7E8582D,1573-6571,Q1714118,,,,,,,,,
Q6295844,Journal of Religion & Health,6A79FCE8-A987-4965-B65A-9DC346598E10,0022-4197,Q1261026,,,,,,,,,
Q6295853,Journal of Religious History,B070FEB1-96E4-4AF0-8E18-7540B9CDD277,1467-9809,Q1714118,,,,,,,,,
Q6295853,Journal of Religious History,DDD07DBC-B93C-437F-B894-E718358F8CCB,0022-4227,Q1261026,,,,,,,,,
Q6296105,Journal of the American Oriental Society,267ADA8F-DD06-4238-A7C7-A45E9DAFD3A8,0003-0279,Q2110504,,,,,,,,,
Q635631,Archiv für Orientforschung,BF11356F-19E4-4509-8A2B-E8CC6E3217FF,0066-6440,,,,,,,,,,
Q63871713,Journal of Pastoral Theology,5D7D42EF-F521-4FC4-A805-7FE43A43EA09,1064-9867,Q1261026,,,,,,,,,
Q63871713,Journal of Pastoral Theology,8C282525-D9E2-4AC1-969C-1422BCD19B63,2161-4504,Q1714118,,,,,,,,,
Q63871731,Liturgy,0B896035-36C7-47D2-B2E9-3F707360BD46,1557-3001,Q1714118,,,,,,,,,
Q63871731,Liturgy,7A2C9724-9339-447B-9D7F-572815ADA043,0458-063X,,,,,,,,,,
Q63871802,The Review of Faith & International Affairs,2293C0FB-D305-496B-8860-A052B44576F0,1557-0274,Q1261026,,,,,,,,,
Q63871802,The Review of Faith & International Affairs,474C8CE1-507B-40EB-931C-FE0428EABAC4,1931-7743,Q1714118,,,,,,,,,
Q64596209,,,,,,,,,,,,,
Q68836075,Social Problems,,,,,,,,,,,,
Q6888731,Modern Language Quarterly,CBCC21BC-BDF2-48FA-8CF4-DE83865C6D21,0026-7929,Q1261026,,,,,,,,,
Q6888731,Modern Language Quarterly,E59DF73C-8908-4E45-BB1E-FC0E28284F4A,1527-1943,Q1714118,,,,,,,,,
Q6888892,Modern Theology,81592DF0-85DE-4F57-A908-00D2A03830BD,1468-0025,Q1714118,,,,,,,,,
Q6888892,Modern Theology,832A0534-9348-4720-9762-062A8F58A643,0266-7177,Q1261026,,,,,,,,,
Q7186211,Philosophy East and West,D52D7804-66A4-4650-8575-F13A23AD7235,0031-8221,Q1261026,,,,,,,,,
Q7186211,Philosophy East and West,E1387E2F-CF6E-479B-A704-6BD113FAECC3,1529-1898,Q1714118,,,,cb027ec1dd27a771321740db85c04f34345e3922,Q15794938,,,,
Q7256326,Psychoanalysis and History,08C45E3D-A0AC-4E69-8F95-1DC6506D1D33,1460-8235,Q1261026,,,,,,,,,
Q7256326,Psychoanalysis and History,0FC70C72-09A3-43D9-BAF5-DBD9EAF8F46B,1755-201X,Q1714118,,,,,,,,,
Q7307444,Reformation,2A948FE2-D45E-4343-80F9-7DA4720D4BFA,1752-0738,Q1714118,,,,,,,,,
Q7307444,Reformation,C1897063-3AD4-49C3-981C-3EA963312785,1357-4175,Q1261026,,,,,,,,,
Q7311115,Religion,8B0E9B89-413F-444F-9E5A-4C12270326F3,0048-721X,Q1261026,,,,,,,,,
Q7311115,Religion,B8EC57C5-489A-4EB4-B986-D2D317497B3F,1096-1151,Q1714118,,,,cb027ec1dd27a771321740db85c04f34345e3922,Q15794938,,,,
Q7311312,Religious Studies Review,496FB484-173E-4D83-9854-B5A5F290C1CD,1748-0922,Q1714118,,,,cb027ec1dd27a771321740db85c04f34345e3922,Q15794938,,,,
Q7311312,Religious Studies Review,5AA6EF44-4989-4F29-95BC-76270E11C93A,0319-485X,Q1261026,,,,cb027ec1dd27a771321740db85c04f34345e3922,Q15794938,,,,
Q7437800,Scottish Journal of Theology,96D2E929-C3C9-47C0-8DC9-F9B9F1EE186E,1475-3065,Q1714118,,,,cb027ec1dd27a771321740db85c04f34345e3922,Q15794938,,,,
Q7437800,Scottish Journal of Theology,9F82B96E-DF72-4ADD-985D-DE0689E6580A,0036-9306,,,,,,,,,,
Q7500070,Shofar,03ECBF5D-5A1B-4482-A76A-2731ED3AF79B,1534-5165,Q1714118,,,,,,,,,
Q7500070,Shofar,A2E5B6FF-6FB9-49EC-A36D-07ED5C958401,0882-8539,Q1261026,,,,,,,,,
Q7550658,Social Forces,5FE4B598-FDDD-4213-BBC1-92A4D3A1327A,1534-7605,,,,,cb027ec1dd27a771321740db85c04f34345e3922,Q15794938,,,,
Q7550658,Social Forces,AB725F98-717F-4BE8-9EC0-F44C31E1BA07,0037-7732,,,,,,,,,,
Q7552806,Sociological Inquiry,8B88E0CA-BCC8-49D5-9AC2-F1755464F1A2,0038-0245,Q1261026,,,,,,,,,
Q7552806,Sociological Inquiry,BBD52CF9-767D-4A9B-9011-05EB7B6E539F,1475-682X,Q1714118,,,,,,,,,
Q7578151,Spiritus,AAAB8DF5-69D5-485D-8FD4-9027223BE833,1535-3117,Q1714118,,,,,,,,,
Q7578151,Spiritus,C67C3775-7C97-4203-9754-D8AB2078A2A4,1533-1709,Q1261026,,,,,,,,,
Q7628032,Studia Patristica,2DA7D497-6723-45C7-815B-464FE88833F9,0585-542X,Q1261026,,,,,,,,,
Q7628082,Studies in World Christianity,30F84C7E-A697-482F-B091-B2D307ECA29D,1354-9901,Q1261026,,,,,,,,,
Q7628082,Studies in World Christianity,ABA370FA-6EE6-4189-AE7A-9A48815DD744,1750-0230,Q1714118,,,,,,,,,
Q7718432,The Black Scholar,28E21834-C040-48A2-A6B7-6EE1318F9BCA,2162-5387,Q1714118,,,,f5b6e58963dba393cdec5a8c79494d2f42fee5e3,,https://api.crossref.org/journals/2162-5387,5a222f4e76bbcf99182811d78451dd85,2018-03-23T00:00:00Z,11
Q7718432,The Black Scholar,ABC5FBEE-5D4C-4B9F-B90E-04210161332A,0006-4246,,,,,1643281ef6e577673e4272176fc12a9fcfa37747,Q15735759,,,,
Q7743575,The Journal of Ecclesiastical History,26690C47-C50F-40DB-957F-58BC8AFB61B0,0022-0469,,,,,,,,,,
Q7743575,The Journal of Ecclesiastical History,C462ACD4-1BF4-4800-9906-918FD7620E09,1469-7637,Q1714118,,,,cb027ec1dd27a771321740db85c04f34345e3922,Q15794938,,,,
Q7743622,The Journal of Religion,AA45FA67-0C30-465F-B12E-CCE2865966AB,1549-6538,Q1714118,,,,cb027ec1dd27a771321740db85c04f34345e3922,Q15794938,,,,
Q7743622,The Journal of Religion,C6422D09-0901-47DF-B441-19358EFA0BF6,0022-4189,Q1261026,,,,,,,,,
Q7758505,The Progressive Christian,054FE8DA-7095-4FE8-895A-91F493230DA8,1934-7316,,,,,,,,,,
Q7782238,Theology Digest,9A8BCC4E-1E36-48E1-91BD-69E735C3C26B,0040-5728,Q1261026,,,,,,,,,
Q7899842,Urban Affairs Review,3121FFD6-C344-4F86-80DF-6413DE911D20,1552-8332,Q1714118,,,,,,,,,
Q7899842,Urban Affairs Review,4EA92837-F5D8-476C-B816-D3DD1E2BA415,1078-0874,Q1261026,,,,,,,,,
Q7923855,Vetus Testamentum,0CCA410C-B98C-46BB-A274-16210D5F8AAA,1568-5330,Q1714118,,,,,,,,,
Q7923855,Vetus Testamentum,6D8173BA-7564-4DD6-9C01-6B7D4996A15D,0042-4935,,,,,,,,,,
Q7989227,Westminster Theological Journal,30C27119-FC18-4A90-A45D-95302377BD9A,0043-4388,Q1261026,,,,,,,,,
Q8034888,WorkingUSA,350B1088-8F7B-4D2D-81D6-40EEED1A3B03,1743-4580,Q1714118,,,,cb027ec1dd27a771321740db85c04f34345e3922,Q15794938,,,,
Q8034888,WorkingUSA,D6B37CF6-9DE5-4E9B-953E-B21986A1F40E,1089-7011,Q1261026,,,,,,,,,
Q8075881,Zygon,3A837F0B-6FAD-4F2A-8041-2FB74ED05902,1467-9744,Q1714118,,,,cb027ec1dd27a771321740db85c04f34345e3922,Q15794938,,,,
Q8075881,Zygon,71F5E89F-5F50-4D87-9ADD-06F7BEDA5C7F,0591-2385,Q1261026,,,,,,,,,
Q88977207,"Women, Gender, and Families of Color",62c1a939-4dae-c7e3-fec7-959f9924a79e,2326-0939,Q1261026,,,,,,,,,
Q88977207,"Women, Gender, and Families of Color",21d9d213-46d1-1064-7d93-b20defd4abbd,2326-0947,Q1714118,,,,,,,,,
Q91678397,Journal of theology,3a426e23-475a-d4e5-a5fc-6dff91650d6d,1551-367X,Q1261026,,,,,,,,,
Q93433869,Reflective Practice: Formation and Supervision in Ministry,97c66d32-4203-d60b-064e-7020c1716727,2325-2847,Q1261026,,,,2ff7cd1285d2675808e4262e798764e1cffbd049,,https://journals.sfu.ca/rpfs/index.php/rpfs/index,,,
Q93433869,Reflective Practice: Formation and Supervision in Ministry,912e7d5f-494e-9b96-fc26-51bce672c995,2325-2855,Q54820071,,,,,,,,,
Q96320826,Hugoye : journal of Syriac studies,E276A634-609A-4B0E-922A-53210220123A,1097-3702,Q1714118,,,,,,,,,
Q96320826,Hugoye : journal of Syriac studies,E3274D50-65E7-4854-B0EF-E72EEDCCDA43,1937-318X,Q1261026,,,,,,,,,
Q96320924,"Race, Gender & Class: an interdisciplinary journal",268EA4E8-5094-4FA2-8433-675AFECC7776,1082-8354,Q1261026,,,,,,,,,
Q96329202,Journal of Religion and Abuse,BB1924C9-1BEA-4BD4-B34B-47292212837A,1523-9179,Q1714118,,,,,,,,,
Q96329202,Journal of Religion and Abuse,E306610C-D726-4116-94A7-5B78687CC22C,1521-1037,Q1261026,,,,,,,,,
Q96658010,Reformed Worship,fc153a38-4d9d-09ad-d32e-6b47009ee9d4,0890-8583,,,,,,,,,,
Q96699253,Caminhando,395C3D37-363D-4E70-8ECE-2AC8573BCC58,2176-3828,Q1714118,,,,,,,,,
Q96699253,Caminhando,A8BD6E43-D1B8-45B7-8097-7865C0ADFFCC,1519-7018,Q1261026,,,,,,,,,
Q96701134,Class Race Corporate Power,7C2EF2A9-122E-4109-B247-25820E7974F7,2330-6297,Q1714118,,,,,,,,,
Q96703173,Conversations in Religion and Theology,C468F045-6F06-4D18-8047-F079F19553E9,1479-2206,Q1261026,,,,,,,,,
Q96703173,Conversations in Religion and Theology,63ff9fa8-41de-ec57-2db3-cfac5db899d1,1479-2214,Q1714118,,,,,,,,,
Q96710822,International Journal of Applied Sociology,10989B74-6178-4668-9AB1-B1D9044C3708,2169-9704,Q1261026,,,,,,,,,
Q96710822,International Journal of Applied Sociology,059bc7fd-467d-7d6c-ec4c-13d0f775f631,2169-9739,Q1714118,,,,,,,,,
Q96720788,Kalfou,04E5C14E-9692-4332-885D-0F42E42AC62C,2151-4712,Q1261026,,,,,,,,,
Q96720788,Kalfou,5D05226F-74FE-4FDA-985B-20C8EF457268,2372-0751,Q1714118,,,,,,,,,
Q96721542,Kirche und Israel,421F2024-3464-41A3-885F-AC4B593AF7F8,2511-8617,Q1714118,,,,,,,,,
Q96721542,Kirche und Israel,9E4F7627-7B0C-453B-BFFE-D27F8CEC9892,0179-7239,Q1261026,,,,,,,,,
Q96722512,Korean Journal of Christian Counseling,004B92B3-F672-4389-B369-A0868A945CBF,1738-2785,Q1261026,,,,,,,,,
Q96722512,Korean Journal of Christian Counseling,42C86852-3990-4C3D-9865-C31351074266,2713-7848,Q1714118,,,,,,,,,
Q96727151,Mandrágora,71C4D425-F31F-4DE6-BA25-F311C2F0069B,1517-0241,Q1261026,,,,,,,,,
Q96727151,Mandrágora,E8C6D048-F16C-4C84-9186-30174C63E961,2176-0985,Q1714118,,,,,,,,,
Q96729370,Melilah Manchester Journal of Jewish Studies (1759-1953),8EFAD529-90AF-4261-AB00-6DF286A04451,1759-1953,Q1714118,,,,,,,,,
Q96747411,Faith and Freedom,587826c5-42c7-f7b0-eb5a-3e70ee0af30f,0014-701X,,,,,,,,,,
Q96747975,Evangelical Missions Quarterly,0fd11d7f-4fa1-41ec-2df9-49bc4ec69de9,0014-3359,,,,,,,,,,
Q96747975,Evangelical Missions Quarterly,a50afe86-487d-ee34-5291-d4beb95a57e0,1945-0869,Q1714118,,,,,,,,,
Q96748292,Word & Witness,6064348e-4fe4-bb94-72f5-4c2c8e11392b,1047-2339,,,,,,,,,,
Q96748674,Family and Community Ministries: Empowering through Faith,d079cd9d-4dcb-cdc7-e753-6e3ad9c440f2,1935-5408,,,,,,,,,,
Q96748958,Insights,f9f9858c-4371-6a06-d258-5f84bea754df,1056-0548,Q1261026,,,,,,,,,
Q96757401,Journal of Family Ministry,20b66384-4ff8-0be1-4c48-3d2b20de2389,2152-6397,Q1261026,,,,,,,,,
Q96758104,The African American Pulpit,65f4898d-4d7b-91b9-4efd-749699224b4f,1094-0111,,,,,,,,,,
Q96758245,Biblical Preaching Journal,715976e3-43f1-a72e-b86b-8d41b1fffc5c,1043-5522,,,,,,,,,,
Q96758266,Consensus: a Canadian Lutheran journal of theology,5d46a679-43c4-1d8a-234e-248268bb2b18,0317-1493,,,,,,,,,,
Q96758670,philoSOPHIA,0abae3c5-4221-a0d7-8e19-e7428e803b0f,2155-0891,Q1261026,,,,,,,,,
Q96758670,philoSOPHIA,2c97817a-4797-25ef-6523-fb7506ec9837,2155-0905,Q1714118,,,,,,,,,
Q96775368,The North Star,c54710c0-4cb8-7773-c137-43664812d884,1094-902X,,,,,,,,,,
Q96912729,Hebrew annual review: a journal of studies of Hebrew language and literature,9229c31c-4a4c-5cdb-2913-739be982602a,0193-7162,Q1261026,,,,,,,,,
Q96913548,The Asbury Journal,723be7af-4cb8-626c-f265-878964867e29,2375-6330,,,,,,,,,,
Q96915055,Society of Biblical Literature Seminar Papers,8651fcec-493b-1e0d-1e63-6be6ac7e998c,0145-2711,Q1261026,,,,,,,,,
Q96915452,International journal of frontier missiology,b1dfd41e-44f7-b39e-7569-17724d7456df,2161-3354,Q1261026,,,,,,,,,
Q97013797,Kentucky Journal of Anthropology and Sociology,6d0f39e7-4614-51f8-09b9-1c4e8348afe1,2159-0508,Q1714118,,,,,,,,,
Q97038484,Cityscape: A Journal of Policy Development and Research,5524fe87-4ffc-b127-0bd0-7ede8db22b1c,1936-007X,Q1261026,,,,,,,,,
Q97069556,Journal of Interreligious Studies,555d19fe-4f9e-121c-cad3-47807db219de,2380-8187,Q1714118,,,,,,,,,
Q97102835,The Hymn: a journal of congregational song,a8470255-48e7-d867-8553-d983a62f3b77,0018-8271,Q1261026,,,,,,,,,
Q97320699,Contemporary Journal of Anthropology and Sociology,66f73aa5-4c31-5be7-9424-69982f2c306f,2159-0508,Q1261026,,,,,,,,,
Q97321411,Doxology: A Journal of Worship,690a02b7-4378-2b62-6788-5a679a08b2a7,0748-4682,Q1261026,,,,,,,,,
Q97321411,Doxology: A Journal of Worship,eaffda9f-43cb-6c55-fecb-a3ec56ec10f7,2167-0153,Q1714118,,,,,,,,,
Q97323392,Gathering Magazine,,,,,,,,,,,,
Q97323978,The Council of Societies for the Study of Religion Bulletin,58a0d071-4d3a-b694-8781-a50ff1cc0631,1060-1635,Q1261026,,,,,,,,,
Q97326077,Theological Educator,1eb87ea8-4bde-760b-ae62-f5dea8c99310,0198-6856,Q1261026,,,,,,,,,
Q97361256,Bulletin of the Institute for Reformed Theology,4bd92aca-4e1b-5286-6c42-0531ffdfae79,1543-1975,Q1261026,,,,,,,,,
Q97362481,The Spire,,,,,,,,,,,,
Q97388791,Lutheran Women Today,0ef9dfe9-4ce7-79f5-ae37-66c0470d1006,0896-209X,Q1261026,,,,,,,,,
Q97389745,Making Christ Known,,,,,,,,,,,,
Q97393882,Sightings,,,,,,,,,,,,
Q97395520,"Journal of Race, Ethnicity, and Religion",aecf8795-4db1-d4d5-57fa-675c4da00efb,2153-2370,Q1714118,,,,,,,,,
Q97397804,Journal of Unitarian Universalist History,fc678602-41f2-c71b-6eb9-183343ea1649,1550-0195,Q1261026,,,,,,,,,
Q97397804,Journal of Unitarian Universalist History,be3fae95-4ba6-7c97-fd55-3ba8bc8b89a4,1933-9208,Q1714118,,,,,,,,,
Q97446840,Acme: annali della Facolta di Lettere e Filosofia dell'Universita degli Studi di Milano,3b574be3-4345-bc2c-e017-3f6ed305ab7c,0001-494X,Q1261026,,,,,,,,,
Q97450170,Lectionary Homiletics,9475ee0a-4e74-ccbd-c973-04399d3bb486,1043-2310,Q1261026,,,,,,,,,
Q97579679,Black Renaissance,988e16cc-4de3-42a9-cf5c-5f114a1922ba,1089-3148,Q1261026,,,,,,,,,
Q97580025,Religious Studies News,570dcbba-45df-d54b-28f3-23346fd84f97,0885-0372,Q1261026,,,,,,,,,
Q97581053,The African American Lectionary,,,,,,,,,,,,
Q97581124,Spotlight on Teaching,,,,,,,,,,,,
Q97584442,Clio's Psyche,807e06a7-4bbb-6527-b673-ab9f1db6254b,1080-2622,Q1261026,,,,,,,,,
Q97584635,Faultline,,,,,,,,,,,,
Q97600243,Papers of the Nineteenth Century Theology Group : AAR 1986 annual meeting,,,,,,,,,,,,
Q97622700,Critical Review of Books in Religion,42908fe5-4bba-f17b-9153-832c375314d4,0894-8860,Q1261026,,,,,,,,,
Q97725240,Annals of Scholarship,c7cb3930-4439-6902-a696-3f0da2e9e0fe,0192-2858,Q1261026,,,,,,,,,
Q97725638,Religion and Culture Web Forum,,,,,,,,,,,,
Q97726143,Allgemeine Juedische Wochenzeitung,7e9a884a-4fcf-fdac-bdb3-e8bf417a746a,0340-272X,,,,,,,,,,
Q97729090,Reformed Review,ea838a51-4d18-961b-4019-c85d334f9d27,0034-3064,Q1261026,,,,,,,,,
Q97729464,Sacred Spaces,,,,,,,,,,,,
Q97772375,National Baptist Union-Review,fa2b8c84-4f2c-c71c-84f2-4db6db178cd7,0744-7353,Q1261026,,,,,,,,,
Q97773782,Journal of Intergroup Relations,fa0415c1-444f-7192-ce0a-0f53d6042dd7,0047-2492,Q1261026,,,,,,,,,
Q97784372,national Baptist Voice,,,,,,,,,,,,
Q97790964,The Gospel and Our Culture Network,,,,,,,,,,,,
Q97843689,Journal for Preachers,cbbf1f75-4461-4cf6-f608-abce24982991,1057-266X,Q1261026,,,,,,,,,
Q98073452,Biblical Review,490b7778-488f-e3a3-171b-ad924351611b,8755-6316,Q1261026,e8f77db64726e19e2d0716c59ff3f15b,1985-01-01T00:00:00Z,9,,,,,,
Q98074103,Trinity Seminary Review,94b96838-4c98-61a5-e9e4-7dbc9452843d,0270-2533,Q1261026,,,,,,,,,
Q98074103,Trinity Seminary Review,4a538e57-4c5e-193f-e29e-369daa2ca8a7,2169-4095,Q1714118,,,,,,,,,
Q98074203,Gesher,da262b66-471d-d94d-3ea6-96bc20ba660e,0016-9145,Q1261026,,,,,,,,,
Q98075361,Biblical Recorder,7fdb5698-4641-64a9-8f64-94bad7261cb9,1544-2160,Q1261026,b7d2f0cd6078582b7912deb83efe6450,1992-01-01T00:00:00Z,9,,,,,,
Q98094387,Religion in the News,a268fff6-4054-5fbc-7fc2-a67fca657a0e,1525-7207,Q1261026,,,,,,,,,
Q98097528,Quarterly Review: a scholarly journal for reflection on ministry,3f4161c0-489c-aa9c-5b75-bc28da77e98e,0270-9287,Q1261026,,,,,,,,,
Q98109467,Echoing the Word,ad73d9c4-436d-a7b2-a518-17bbaea2ea65,1446-6643,Q1714118,,,,,,,,,
Q98221934,Christian Feminism Today,fb41ae47-4b9c-3e4d-160e-7565ac4ed472,1931-4728,Q1261026,,,,,,,,,
Q98222919,Dialogue Australasia,,,,,,,,,,,,
Q98226287,National Havurah Committee,,,,,,,,,,,,
Q98227015,IOUDAIOS Review,c625847d-4d31-4397-288c-43685ee0dc28,1183-9937,Q1261026,,,,,,,,,
Q98232287,Student Organization of Yeshiva,,,,,,,,,,,,
Q98311737,Circuit Rider,357e708e-4a7d-e1e0-7153-e3ea8607a13c,0146-9924,Q1261026,,,,,,,,,
Q98313448,"Colloquium, Music, Worship, Arts",6849ae4a-4a29-9b0f-3a6d-03acf779ebdf,1938-419X,Q1261026,,,,,,,,,
Q98380090,Presbyterians Today,7440bf80-46a6-f39c-f284-2dad21f1a2cb,1083-2181,Q1261026,,,,,,,,,
Q98380242,Congregations,0fa45d5f-47a0-64a6-9261-c4a7d9a87063,1816-2800,Q1261026,,,,,,,,,
Q98380311,Reformed Liturgy & Music,0d80842c-4ad6-54e9-3e6e-0c4abeb925c5,0362-0476,Q1261026,,,,,,,,,
Q98461378,Consider This…A Newsletter for Pastors,,,,,,,,,,,,
Q98496683,Prism: a theological forum for the United Church of Christ,9dccdc73-44fb-3b31-6b55-7336614c14cc,0887-5049,Q1261026,,,,,,,,,
Q98497359,Journal of Religious Thought,f778071c-493c-13bc-0866-765c2de0dee2,0022-4235,Q1261026,,,,,,,,,
Q98497359,Journal of Religious Thought,193f95a9-42ca-bb90-7a10-041fc098be91,2169-5105,Q1714118,,,,,,,,,
Q98526055,Living Pulpit,2060f081-4699-a9cc-1ef6-855037297d75,1059-2733,Q1261026,,,,,,,,,
Q98526055,Living Pulpit,28339544-46ab-2942-6a14-7945bf864342,1946-1771,Q1714118,,,,,,,,,
Q98526165,Lutheran World,1ae79841-4faa-1601-213d-9a1ce21fe9a0,0024-760X,Q1261026,,,,,,,,,
Q98526338,Una Sancta : Zeitschrift für ökumenische Begegnung,acaa9e98-40c3-a90d-3ea8-effcefab091c,0342-1465,Q1261026,,,,,,,,,
Q98606254,Disciples Divinity House Bulletin,,,,,,,,,,,,
Q98608133,Journal of Pastoral Care,442455e8-47e4-4bce-37ce-0e9460f43fef,0022-3409,Q1261026,8c394bf125fae01c9c966e4eaed44e46,1949-01-01T00:00:00Z,9,,,,,,
Q98608602,Chicago Theological Seminary Register,25a3af59-4d72-fdae-9f95-9e6af360efcd,0739-5124,Q1261026,,,,,,,,,
Q98608890,Journal of Supervision and Training in Ministry,9db477d9-4e87-d048-c506-6d5b280000d3,0160-7774,Q1261026,bdba6daa49a7983081721c70c253999e,1978-01-01T00:00:00Z,9,,,,,,
Q98637260,Women's VU,,,,,,,,,,,,
Q98637310,Lexington Theological Quarterly,5f861159-4a68-8bab-d59f-d441b1bf592f,2325-2146,Q1714118,,,,,,,,,
Q98637310,Lexington Theological Quarterly,f13e32ca-4e53-7f9a-2edb-bd6af6d49fdb,0024-1628,Q1261026,,,,,,,,,
Q98637434,Journal of Childhood and Religion,01eeaf00-499b-9207-8cd5-7e39d14a1b78,2155-7594,Q1714118,,,,,,,,,
Q98640359,Bearings,,,,,,,,,,,,
Q98653905,The Cresset,cef3b3a1-44d4-5ec5-5e4d-7e47626c612f,0011-1198,Q1261026,,,,,,,,,
Q98688147,Lifelong Faith,,,,,,,,,,,,
Q98821386,Net Results,,,,,,,,,,,,
Q98821824,Your Church,747a54b8-47de-84ae-6667-4fbac0aa258b,0049-8394,,25bc1714e3b0ce11f853727e3e379540,1960-01-01T00:00:00Z,9,,,,,,
Q98821922,The Disciple,097ecb80-49b7-a066-52dc-40ae268f02d8,0092-8372,Q1261026,,,,,,,,,
Q98821988,The Five Stones,,,,,,,,,,,,
Q98822345,Journal of Religious Leadership,d815e9ec-469f-fce1-a361-b6af627eecb7,1935-6943,Q1261026,,,,,,,,,
Q98833935,C21 Resources,,,,,,,,,,,,
Q98833987,Liturgical Ministry,8e7b2537-48e1-7282-bcc1-897be7562cd4,1059-7786,Q1261026,,,,,,,,,
Q98834513,American Theological Inquiry,96a223f7-4cef-a843-b180-1207471b2a9e,1942-2709,Q1261026,,,,,,,,,
Q98834513,American Theological Inquiry,a1ca0b54-4031-a674-3d35-a0d8dc795bc9,1941-7624,Q1714118,,,,,,,,,
Q98835708,The Alaskan Shepherd,,,,,,,,,,,,
Q98844814,Studia Aloisiana,6af1076b-4359-a0f7-5072-f12f69381e98,1338-0508,Q1261026,,,,,,,,,
Q98846459,Spotlight on Theological Education,,,,,,,,,,,,
Q98850260,Proceedings of the Catholic Theological Society of America,d9dad12d-4388-d978-be74-83151f0ca49b,2328-9902,Q1714118,,,,,,,,,
Q98850260,Proceedings of the Catholic Theological Society of America,7398d279-4122-551b-c279-1355fe378726,0069-1267,Q1261026,,,,,,,,,
Q99034646,The Conversation,,,,,,,,,,,,
Q99056396,SJU Magazine,,,,,,,,,,,,
Q99436853,Wort und Weg,ca71f013-45f3-323d-11d2-a8f479f8085d,0043-9444,,,,,,,,,,
Q99437117,Unterwegs (Stuttgart): Zeitschrift der Evangelisch-methodistischen Kirche,2f99544a-4e5b-6803-164e-a7bb8c3ef4de,1436-607X,,,,,,,,,,
Q99529105,Evangelische Kommentare,4a8228fa-4dff-8b8d-e8bc-908dac137ddd,0300-4236,Q1261026,,,,,,,,,
Q99529437,Perkins Perspective,,,,,,,,,,,,
Q99542272,Theologie für die Praxis,77f2c5b4-4187-4e80-792b-70ff2b23166c,0939-5121,Q1261026,,,,,,,,,
Q99544102,Ecothology,d3807b08-408e-09a3-6c21-d1b088b9a2e8,1363-7320,,,,,,,,,,
Q99578960,Zion's Herald,f143cbd8-4873-f690-2084-629c1ff57884,0098-9282,,,,,,,,,,
Q99579301,Apuntes,a8a4dbdf-4108-3c6f-8ad2-ad755682dc76,0279-9804,,,,,,,,,,
Q99583037,The Clergy Journal,,,,,,,,,,,,
Q99735501,"The Ecumenist: A Journal of Theology, Culture, and Society",349b0ec4-4651-245e-e83d-e0a2016481b8,0013-080X,,,,,,,,,,
Q99735829,Syndicate,,,,,,,,,,,,
Q99736473,INSiGHT,,,,,,,,,,,,
Q99736600,Interreligious Studies and Intercultural Theology,76c4f0ef-4ee1-d942-2fea-5ac1c8b6c03f,2397-3471,,,,,98b21005bbbecbc9cad3085949ca5dbe4cb7519c,,https://journals.equinoxpub.com/ISIT,,,
Q99736600,Interreligious Studies and Intercultural Theology,cdcd0851-40f9-38c2-d6b1-9c12bb958124,2397-348X,,,,,98b21005bbbecbc9cad3085949ca5dbe4cb7519c,,https://journals.equinoxpub.com/ISIT,,,
Q99737338,Religion and Society,6a5cd127-46ff-5992-8390-c82283dc4cf3,0034-3951,,,,,,,,,,
Q99737535,Response: the magazine of women in mission,bf32e404-4516-c613-27a4-9733ecc08d53,0034-5725,,,,,,,,,,
Q99760349,Practical Matters,,,,,,,,,,,,
