qid,label_en,act_uuid,act,act_ref1_hash,act_ref1_retrieved_nodeId,act_ref1_retrieved_val,act_ref1_retrieved_prec
Q18748543,Vision of Cornelius the Centurion,4b044f76-4f90-af27-e889-e3943966a8a2,55473,d3e5214f59a5c284c269af012d46b4cb3aac7528,c4795c70-f3ec-4e2a-9fe0-bc908f3e8f04,2021-02-02T00:00:00Z,11
Q19858822,Mary Magdalene questions the Angels in the Tomb,7db5ca92-4c91-cb68-d7b9-302aae925882,56871,d3e5214f59a5c284c269af012d46b4cb3aac7528,2e5c7a4d-1670-4ad9-8732-ed561f791bb4,2021-02-02T00:00:00Z,11
Q20086887,The Hand of Christ,e7a26bae-4e73-a325-bced-61d23426664d,55740,d3e5214f59a5c284c269af012d46b4cb3aac7528,19aa6d2e-a79e-429e-afb5-4652539ad89c,2021-02-02T00:00:00Z,11
Q101385607,,2E6F7379-AE2E-4CC3-BCD6-549635298689,56012,d3e5214f59a5c284c269af012d46b4cb3aac7528,6f7742c8-ca13-474d-ae4e-628fab681b99,2021-02-02T00:00:00Z,11
Q102355566,,58A5CF17-4230-47CA-86AA-0ACAB0D20F0B,56783,d3e5214f59a5c284c269af012d46b4cb3aac7528,39846e2e-8cc8-48f2-a215-840d11ebab8b,2021-02-02T00:00:00Z,11
Q10289604,,82332AF7-6388-4529-8694-2AFFB83AA202,57346,d3e5214f59a5c284c269af012d46b4cb3aac7528,62e1cae9-eb6a-4d2a-8657-a155fa0a1973,2021-02-02T00:00:00Z,11
Q1077064,,A2E93899-8B2E-41C7-814B-9419EBD5059B,55368,d3e5214f59a5c284c269af012d46b4cb3aac7528,5c9647d9-a81c-4a74-9273-3a7533a6b4a7,2021-02-02T00:00:00Z,11
Q1109475,,9EA8AAF3-A39C-4E73-8503-0479CD6DBCC1,49490,d3e5214f59a5c284c269af012d46b4cb3aac7528,bb375e19-f7af-48cb-8d10-ad4c0ef49cb4,2021-02-02T00:00:00Z,11
Q1132723,,77E9E3E5-F910-4178-9F70-0D4DB08C4CB0,55362,d3e5214f59a5c284c269af012d46b4cb3aac7528,c54ce9dc-bce2-4335-9791-a396fa6b22cb,2021-02-02T00:00:00Z,11
Q11684158,,A686EF9E-2697-480B-9D0B-827091C5DBA4,58170,d3e5214f59a5c284c269af012d46b4cb3aac7528,f2ce9df0-a88c-4078-bd7e-998f98433db1,2021-02-02T00:00:00Z,11
Q11688008,,7C161FE3-8F72-493A-99B2-F1671CACE703,58367,d3e5214f59a5c284c269af012d46b4cb3aac7528,a96b8a23-3720-4b16-a3d9-c5f951011f56,2021-02-02T00:00:00Z,11
Q11691365,,C3E2586D-AC43-4CFF-ACB5-1F93CF2490E3,54997,d3e5214f59a5c284c269af012d46b4cb3aac7528,40e725f3-2ce1-4f3f-a3e5-281c426d2b0a,2021-02-02T00:00:00Z,11
Q1174304,,7A6B812E-C655-49DA-88D7-0D96A34C0B5B,55483,d3e5214f59a5c284c269af012d46b4cb3aac7528,2d67cae2-92c6-49fe-b971-96bbeaaf0ac8,2021-02-02T00:00:00Z,11
Q11825956,,8232345D-4641-43B8-8A0D-B7FFD7CD4543,54669,d3e5214f59a5c284c269af012d46b4cb3aac7528,b9112912-000c-43f3-972b-f1f2099d048a,2021-02-02T00:00:00Z,11
Q11891414,,55270750-7A69-400A-A504-103590A2FF69,55966,d3e5214f59a5c284c269af012d46b4cb3aac7528,980bdc7b-7e00-4c34-bc1f-1f17a663a440,2021-02-02T00:00:00Z,11
Q11930181,,1024D010-2451-4D7C-8E04-F9FA0F0249F7,57990,d3e5214f59a5c284c269af012d46b4cb3aac7528,12940d53-dd04-4a1f-9144-9ac25859fdbd,2021-02-02T00:00:00Z,11
Q12092902,,637288D8-F441-417D-B2DB-E2EC3DEE9D8F,55361,d3e5214f59a5c284c269af012d46b4cb3aac7528,6023d5fa-a52b-4031-9c2c-017b6829c82c,2021-02-02T00:00:00Z,11
Q1213160,,40C0CB91-87C5-4EC5-ADD3-88BB5076F174,58359,d3e5214f59a5c284c269af012d46b4cb3aac7528,be2bd343-592c-424a-83a1-5997b69c964a,2021-02-02T00:00:00Z,11
Q12404907,,68EA5304-9EE5-4487-9899-C9F2AA3767AA,57358,d3e5214f59a5c284c269af012d46b4cb3aac7528,0d432d91-b28d-43f0-92b9-1408a3a7651f,2021-02-02T00:00:00Z,11
Q126553,,E74DBA87-701E-4161-8192-EF1DB37A81AD,54263,d3e5214f59a5c284c269af012d46b4cb3aac7528,868869b9-9d9f-4e66-ae15-87bb02e7f80f,2021-02-02T00:00:00Z,11
Q1285598,,A658017F-F7E8-4263-803F-CEB2DF0F8B55,55587,d3e5214f59a5c284c269af012d46b4cb3aac7528,36167be7-ecbd-4529-9ebe-501e1a396352,2021-02-02T00:00:00Z,11
Q130704,,78FA92CF-19CC-46C2-B03C-308D8930202C,56126,d3e5214f59a5c284c269af012d46b4cb3aac7528,4048e7c6-15ae-41d5-b47e-aa8e4c725268,2021-02-02T00:00:00Z,11
Q1316518,,555B1723-C3E7-4E2A-A8C6-94D8595A13C8,57041,d3e5214f59a5c284c269af012d46b4cb3aac7528,5c0e1581-7bae-4084-81b4-bb48a6d4d852,2021-02-02T00:00:00Z,11
Q1332178,,C5A7C410-DC39-4763-BC99-D9FF85C7C4CF,58363,d3e5214f59a5c284c269af012d46b4cb3aac7528,adc0ef7b-2ec2-4597-a56a-97d8f6ee1190,2021-02-02T00:00:00Z,11
Q1341397,,7DF19E3A-0DF1-4367-B650-49D2E44DD126,57284,d3e5214f59a5c284c269af012d46b4cb3aac7528,b76598e3-9ff1-441b-9b7a-2e84bb6ec4ed,2021-02-02T00:00:00Z,11
Q139792,,94D9429B-0495-4F89-A578-D6016D42C3FE,54227,d3e5214f59a5c284c269af012d46b4cb3aac7528,3c693fb2-6f95-4b48-98f9-8ce42c229ed3,2021-02-02T00:00:00Z,11
Q139797,,52605ED1-7E3C-451D-8AC5-435C577CF0C2,53078,d3e5214f59a5c284c269af012d46b4cb3aac7528,b4d6390c-4c1a-4904-bcdf-3852a42b4eac,2021-02-02T00:00:00Z,11
Q14019,,F0689005-09A5-4423-B98E-9C4E7CF7B167,56825,d3e5214f59a5c284c269af012d46b4cb3aac7528,f514dd82-ec22-4cf1-b79f-83435a97bbad,2021-02-02T00:00:00Z,11
Q1464531,,459AE04A-91C4-4988-B207-5A7CBF84C0D3,55682,d3e5214f59a5c284c269af012d46b4cb3aac7528,0146dad4-b6ea-4718-aaa6-6ef04330d2ea,2021-02-02T00:00:00Z,11
Q1518676,,CFE2C830-87CD-4D63-8701-B2EEACCA8542,54957,d3e5214f59a5c284c269af012d46b4cb3aac7528,454c7f33-68ff-48c2-b831-34830fba02bb,2021-02-02T00:00:00Z,11
Q15709560,,1B62C119-AA9F-497B-A18B-2398AFD7F500,55559,d3e5214f59a5c284c269af012d46b4cb3aac7528,2ae39ce2-1818-4893-8878-05d6bfde3ea5,2021-02-02T00:00:00Z,11
Q16536241,,1C40A609-801B-4E27-B37A-7E7AE6F406FC,55743,d3e5214f59a5c284c269af012d46b4cb3aac7528,6cdd8ff9-6a18-46e5-9b16-6f8f4a2fc0cd,2021-02-02T00:00:00Z,11
Q16536648,,639479E6-445C-450B-8DC8-477F6029D66C,56288,d3e5214f59a5c284c269af012d46b4cb3aac7528,36ad7677-0739-4e44-bfbb-bab1262f22ce,2021-02-02T00:00:00Z,11
Q1655766,,69935FF1-8B14-4686-B4DD-00D946E99658,55848,d3e5214f59a5c284c269af012d46b4cb3aac7528,29f98334-e611-4bfe-9e72-1db6df2aff8a,2021-02-02T00:00:00Z,11
Q16588018,,0C68BFB7-B38D-42BA-8159-195F92CDA406,56286,d3e5214f59a5c284c269af012d46b4cb3aac7528,9051b177-df4a-4133-ae35-380689055bab,2021-02-02T00:00:00Z,11
Q16622023,,0838CE18-3FBC-40FE-AFA1-06CF96BFF1C6,58310,d3e5214f59a5c284c269af012d46b4cb3aac7528,e1f0752f-d603-4277-92d8-9091db1d30ec,2021-02-02T00:00:00Z,11
Q16913580,,6F870B89-FE09-4631-8511-2339796FB5CF,57167,d3e5214f59a5c284c269af012d46b4cb3aac7528,e86d5c4e-b9ea-442a-b029-00306c536e19,2021-02-02T00:00:00Z,11
Q1698794,,BDE353EE-2A67-4D34-B055-AADB91B48448,57249,d3e5214f59a5c284c269af012d46b4cb3aac7528,791776a0-aee1-491c-b1f0-3b71df5e727b,2021-02-02T00:00:00Z,11
Q17301597,,46252ECD-D5A5-4496-AC8F-F50B3442F914,57038,d3e5214f59a5c284c269af012d46b4cb3aac7528,131fe53b-bd06-4dab-ab12-c130da550130,2021-02-02T00:00:00Z,11
Q17327750,,5D94B22C-0B74-4BDC-9209-C980C3FAC498,56212,d3e5214f59a5c284c269af012d46b4cb3aac7528,3b59391a-a19d-494b-a4c9-ff3e22970752,2021-02-02T00:00:00Z,11
Q17328685,,7C9229B6-ED3C-4543-AD0B-88693CABD166,55489,d3e5214f59a5c284c269af012d46b4cb3aac7528,d8908a31-de0b-4888-ba63-025f4e047315,2021-02-02T00:00:00Z,11
Q17331263,,2AAB65F4-7553-4220-A799-7196741E5D3C,57187,d3e5214f59a5c284c269af012d46b4cb3aac7528,5ba5970d-2634-4b01-a2be-a5962eca235d,2021-02-02T00:00:00Z,11
Q17341728,,AB1357E5-F376-47A6-85F0-406D9BEAFC37,55797,d3e5214f59a5c284c269af012d46b4cb3aac7528,01217a67-1b3a-4f8d-bf6d-c9b6b1dee7ca,2021-02-02T00:00:00Z,11
Q17522178,,DBCFF650-E243-4AD4-9403-A75937E060D8,56248,d3e5214f59a5c284c269af012d46b4cb3aac7528,9547e2e6-4b60-4e0f-aefa-adb31cbabce7,2021-02-02T00:00:00Z,11
Q17522671,,B537C1C2-AC70-4BBD-A4E5-55E1140C4076,57945,d3e5214f59a5c284c269af012d46b4cb3aac7528,6d70c2bd-d39d-484e-9ecc-046240d8eb87,2021-02-02T00:00:00Z,11
Q17780704,,1BACE467-1564-4C76-8F16-3A17A0887529,56703,d3e5214f59a5c284c269af012d46b4cb3aac7528,086ebd13-4343-4f5b-bf0a-f03028e11060,2021-02-02T00:00:00Z,11
Q179962,,91F8952D-CA58-4794-AB8B-6E2DE40C7EAB,57624,d3e5214f59a5c284c269af012d46b4cb3aac7528,a5feaa9b-2583-4e24-b00b-4165dd44b9c2,2021-02-02T00:00:00Z,11
Q18147656,,3B84B40C-A548-4E71-B6F4-79C729593363,54713,d3e5214f59a5c284c269af012d46b4cb3aac7528,ac78aa32-49b5-4be7-8cf3-31a2e2df941a,2021-02-02T00:00:00Z,11
Q18430656,,3F683F33-1BD4-4CDE-A706-F1171C76025C,57343,d3e5214f59a5c284c269af012d46b4cb3aac7528,96a05d66-1a8b-4162-9493-c2769004e554,2021-02-02T00:00:00Z,11
Q1851182,,26F107CA-60A7-451C-8CC1-1B85D10316B3,55280,d3e5214f59a5c284c269af012d46b4cb3aac7528,4bcfb5d1-7870-49cd-8b7e-866a45d0d6a4,2021-02-02T00:00:00Z,11
Q18601322,,FEE86200-408C-4BBE-8488-CE2C1EBB0429,57739,d3e5214f59a5c284c269af012d46b4cb3aac7528,62787de8-4363-403c-bf0f-bc23d4128079,2021-02-02T00:00:00Z,11
Q1866167,,7EFC5E88-2F82-4C0B-9F55-4D702315050C,55178,d3e5214f59a5c284c269af012d46b4cb3aac7528,bde45c07-ee85-43d1-b044-bd07b8afddd4,2021-02-02T00:00:00Z,11
Q18668586,,F67DC275-A1D7-4290-8606-19845C89E947,58104,d3e5214f59a5c284c269af012d46b4cb3aac7528,dbf2d42f-dc4f-4c76-ac0c-4673b1bcd7a2,2021-02-02T00:00:00Z,11
Q18674614,,29C56509-04F8-4E87-90A7-3B4148FE3557,58135,d3e5214f59a5c284c269af012d46b4cb3aac7528,99547a10-d854-4a00-bf38-61d6c006136a,2021-02-02T00:00:00Z,11
Q18683101,,787BC754-A8EE-4CAE-9156-AD243B702542,54932,d3e5214f59a5c284c269af012d46b4cb3aac7528,fb07e41c-1739-45c9-a23a-3c6ea465adb2,2021-02-02T00:00:00Z,11
Q18683211,,AB0DDE06-DB32-4BEE-9CA0-650D1AE432B1,56778,d3e5214f59a5c284c269af012d46b4cb3aac7528,806a6316-dc6e-4718-94e4-31f368d85e5d,2021-02-02T00:00:00Z,11
Q18683338,,F5ADD838-DFB4-41A3-880F-9A460330190E,56970,d3e5214f59a5c284c269af012d46b4cb3aac7528,1a56f5a2-36d9-4978-8091-3912b89a1cea,2021-02-02T00:00:00Z,11
Q18684607,,63B8C5A0-0F52-46CB-A491-72CB015A4B5C,54935,d3e5214f59a5c284c269af012d46b4cb3aac7528,6c78fac4-2087-4fcb-a9a6-efb55e6c31ad,2021-02-02T00:00:00Z,11
Q18684720,,C320E7BD-E93A-4D8A-A7ED-7E40314302DE,54743,d3e5214f59a5c284c269af012d46b4cb3aac7528,edfb18f4-9ecd-4bc6-bc79-a5b3910a67a0,2021-02-02T00:00:00Z,11
Q18685564,,3BC72C60-A65A-4F45-BCAC-775819B02AAB,57014,d3e5214f59a5c284c269af012d46b4cb3aac7528,5f332fcc-0415-4e26-874a-0a65e4fe7f8a,2021-02-02T00:00:00Z,11
Q18685622,,09404531-7D42-4565-849C-78D224FB0008,57597,d3e5214f59a5c284c269af012d46b4cb3aac7528,85ab71de-0ae5-4666-84e3-f2b19fcbcf05,2021-02-02T00:00:00Z,11
Q18685756,,08E75859-AE2D-4B23-B616-63631A89B0C3,55582,d3e5214f59a5c284c269af012d46b4cb3aac7528,6e9ea99e-c043-4be3-95b5-500bf2eb7fb1,2021-02-02T00:00:00Z,11
Q18685777,,581E70A1-EDE0-4416-8E7B-E163996457EA,56753,d3e5214f59a5c284c269af012d46b4cb3aac7528,14ae2dbc-5a78-4d28-ae3c-d08799098cd2,2021-02-02T00:00:00Z,11
Q18686003,,1985287F-7A95-40A7-8111-C8E5D705A050,56694,d3e5214f59a5c284c269af012d46b4cb3aac7528,275cf686-2db7-4b6f-8b1c-a64044ca0f9a,2021-02-02T00:00:00Z,11
Q18688959,,EB744EC5-E9E7-4F83-B2E7-B77F3E411470,58068,d3e5214f59a5c284c269af012d46b4cb3aac7528,1af2b23e-84d5-4ed9-b46e-d78ee4fbbf64,2021-02-02T00:00:00Z,11
Q18689337,,8ABF68F2-FE76-40F3-9CC6-50B04B3343E9,55751,d3e5214f59a5c284c269af012d46b4cb3aac7528,be0b2017-a6a7-4b9f-be37-9c70490f855e,2021-02-02T00:00:00Z,11
Q1873244,,714A92A4-D96F-4260-9D18-82EB77AA7879,55961,d3e5214f59a5c284c269af012d46b4cb3aac7528,7b82e620-a8d0-4d65-a026-babe5afc928f,2021-02-02T00:00:00Z,11
Q18748352,,6D3A14DC-DF64-45C2-B8BE-54F28757C63C,55475,d3e5214f59a5c284c269af012d46b4cb3aac7528,a36e377f-a868-4639-8d4a-8c157d542686,2021-02-02T00:00:00Z,11
Q18748376,,B3F0DE86-04DB-427B-961A-B6D31AEEA10F,55421,d3e5214f59a5c284c269af012d46b4cb3aac7528,38695978-a15b-423c-afda-ef4dccd58ae8,2021-02-02T00:00:00Z,11
Q18748592,,918FA71F-91E5-49F1-BBE1-9B39CEC3B847,55738,d3e5214f59a5c284c269af012d46b4cb3aac7528,9ab9948a-867d-4ddc-876f-89a805533098,2021-02-02T00:00:00Z,11
Q18815217,,AA3E17D0-B0C2-44A1-BBE4-0FD894DC9EF5,56528,d3e5214f59a5c284c269af012d46b4cb3aac7528,872389a5-c1bb-43aa-9b0a-39cfef6a5fc8,2021-02-02T00:00:00Z,11
Q18891196,,C15DD059-8317-48EB-AA1C-C908464649B3,56306,d3e5214f59a5c284c269af012d46b4cb3aac7528,8fe2835e-e20c-462f-9d50-aa98fe220825,2021-02-02T00:00:00Z,11
Q1890012,,79B96A76-C94D-4DB3-BB91-6D3C57175C87,56141,d3e5214f59a5c284c269af012d46b4cb3aac7528,eccb29b5-c546-455c-a93a-b69437bb4194,2021-02-02T00:00:00Z,11
Q19018954,,C684BDA4-0365-4DCF-8D57-A179E0EAB8D1,57223,d3e5214f59a5c284c269af012d46b4cb3aac7528,1d36aa65-1152-44af-b162-996ce6725533,2021-02-02T00:00:00Z,11
Q19242594,,5CE1AD34-C37C-4D44-8440-4AEBE5039B34,57307,d3e5214f59a5c284c269af012d46b4cb3aac7528,1b29962d-533c-466c-8536-b5b3b9f36fc8,2021-02-02T00:00:00Z,11
Q19398982,,7167F135-A4C9-4BA1-A880-A1E0A590F0C2,56052,d3e5214f59a5c284c269af012d46b4cb3aac7528,cbdc192b-d860-4963-81c0-9a184ee5f52c,2021-02-02T00:00:00Z,11
Q1959777,,F8C28F15-814B-486C-9C23-74E213CEB285,54948,d3e5214f59a5c284c269af012d46b4cb3aac7528,b88bf2aa-f80a-4841-b648-fcd263c97b46,2021-02-02T00:00:00Z,11
Q19820166,,7F085326-567A-48BC-8705-DF2FF029C2BA,57410,d3e5214f59a5c284c269af012d46b4cb3aac7528,1b0f7611-eb66-483d-82e1-34687c8ece41,2021-02-02T00:00:00Z,11
Q19825936,,2647D9F2-ED4F-4E8E-9483-CAE1EB675C50,56515,d3e5214f59a5c284c269af012d46b4cb3aac7528,46dfeb44-93e0-4b34-86fc-549f1f87c1bf,2021-02-02T00:00:00Z,11
Q19858364,,2B4B3F31-EB17-460A-9184-FD254AD9D3BE,55114,d3e5214f59a5c284c269af012d46b4cb3aac7528,853b6e07-7b26-45ec-a06e-a32715bd34f2,2021-02-02T00:00:00Z,11
Q19858614,,331BDCF3-08A3-4494-A55D-D387FA4E7D40,57156,d3e5214f59a5c284c269af012d46b4cb3aac7528,85de1030-006c-49bb-8d01-5bad7120801c,2021-02-02T00:00:00Z,11
Q19858744,,5B2D37C5-3F1F-449A-822F-5E1AE46998A0,55286,d3e5214f59a5c284c269af012d46b4cb3aac7528,31a5389b-7241-4869-baae-1af9cadd7ae0,2021-02-02T00:00:00Z,11
Q19858795,,8D460370-D373-4EB8-A44D-60139E43A41C,55032,d3e5214f59a5c284c269af012d46b4cb3aac7528,95b15ecc-70cd-4cfb-bf1d-3b13d50e6ebf,2021-02-02T00:00:00Z,11
Q19858900,,189322C2-D70F-48E6-9B6A-3B0B56A1C413,55549,d3e5214f59a5c284c269af012d46b4cb3aac7528,0bf64340-fb9c-449c-95f6-1a030b16eef7,2021-02-02T00:00:00Z,11
Q19883586,,62BD1D8A-797E-4368-BB5E-91081540F384,55426,d3e5214f59a5c284c269af012d46b4cb3aac7528,dd21e8e1-7b20-4703-95dd-002cd33daf76,2021-02-02T00:00:00Z,11
Q19892431,,CBB6757B-F52F-4B96-92E1-C0FE0FF66251,55215,d3e5214f59a5c284c269af012d46b4cb3aac7528,eda5aa09-8de5-44ce-ae7f-c5f2dcf76528,2021-02-02T00:00:00Z,11
Q19900658,,43FA6C40-CAF4-4F56-B3AE-B6D0279803EB,50202,d3e5214f59a5c284c269af012d46b4cb3aac7528,2708fc36-f1a5-4a17-8606-ea20721377fe,2021-02-02T00:00:00Z,11
Q19900687,,28248894-0AC8-4A2E-9F1E-975F4DD65733,55583,d3e5214f59a5c284c269af012d46b4cb3aac7528,9577e33e-31cc-48c3-9079-1b2522a2f154,2021-02-02T00:00:00Z,11
Q19911526,,2E31550B-42DF-45ED-AD1A-ADFB5C4D43C5,56072,d3e5214f59a5c284c269af012d46b4cb3aac7528,972bb3b0-6e0f-447d-b647-2a7da7e60779,2021-02-02T00:00:00Z,11
Q19912862,,706A6364-9579-4FB3-984D-9F77DA502C1A,57037,d3e5214f59a5c284c269af012d46b4cb3aac7528,cde5d3bf-9bd0-44ee-88f7-9b08106419ff,2021-02-02T00:00:00Z,11
Q19925099,,36847E84-DD7D-41DC-8C9F-04A91913A646,56798,d3e5214f59a5c284c269af012d46b4cb3aac7528,51ac98bf-5d13-48c6-a5d0-fcbcb152a893,2021-02-02T00:00:00Z,11
Q19925470,,E322621F-AE9E-4367-9659-CFCD50F1BAE6,56676,d3e5214f59a5c284c269af012d46b4cb3aac7528,ad6a614c-d230-4cb5-b70c-c146d239a751,2021-02-02T00:00:00Z,11
Q19925632,,5673627A-D27F-407F-9178-D7915F4CB537,58152,d3e5214f59a5c284c269af012d46b4cb3aac7528,86ec524a-da03-445b-8552-094e103ce70d,2021-02-02T00:00:00Z,11
Q19928795,,B3809176-C282-444B-BF90-0AEFF1CEB86D,57251,d3e5214f59a5c284c269af012d46b4cb3aac7528,f44b5b33-f4fa-4de4-94e6-bb8a22ae5e69,2021-02-02T00:00:00Z,11
Q19966562,,DC44D61E-CA5F-4BFE-BD08-476DCBD40221,54745,d3e5214f59a5c284c269af012d46b4cb3aac7528,77c26566-ec5f-48e0-98cd-96a3f7229ecd,2021-02-02T00:00:00Z,11
Q2016399,,FFFA1D7F-4F81-4562-9B9B-4515EDB372C0,51129,d3e5214f59a5c284c269af012d46b4cb3aac7528,7fc1a0b2-6198-4195-ad4e-4317589d1bbe,2021-02-02T00:00:00Z,11
Q20176398,,62883FB3-20EF-4246-99F1-2C20D96EE48E,55336,d3e5214f59a5c284c269af012d46b4cb3aac7528,222e18bc-a0c6-47e6-9b9f-cbe0e298990b,2021-02-02T00:00:00Z,11
Q20176899,,6A8FF97C-19CA-4036-8A2E-912989303B82,55748,d3e5214f59a5c284c269af012d46b4cb3aac7528,3527a4e2-afd5-4135-a21c-7c80eeab4e84,2021-02-02T00:00:00Z,11
Q20177807,,4EF15D85-8135-4199-9648-92EC1C48372B,56880,d3e5214f59a5c284c269af012d46b4cb3aac7528,a26bd401-37a2-4966-9740-74f1aae1df8b,2021-02-02T00:00:00Z,11
Q20178539,,25D01BA4-F599-4C26-9FA8-AE2BBC32F32B,56693,d3e5214f59a5c284c269af012d46b4cb3aac7528,ee05e1ec-aac5-47d4-9ccc-3d006baa8b36,2021-02-02T00:00:00Z,11
Q20180268,,E1C63BFF-4D5C-4AE4-B491-074C993EAD54,55337,d3e5214f59a5c284c269af012d46b4cb3aac7528,2ce711c8-9b8e-4fed-89df-042b4edef7d1,2021-02-02T00:00:00Z,11
Q20182055,,06DCB3D8-F316-4852-8771-EAF78C59B02E,57405,d3e5214f59a5c284c269af012d46b4cb3aac7528,47a08e60-7f9f-4751-97ca-54c60f6be947,2021-02-02T00:00:00Z,11
Q20182740,,5C417524-59B9-4B44-9201-50843F5034CC,58136,d3e5214f59a5c284c269af012d46b4cb3aac7528,223915fe-a86f-49d5-b911-8265071d9f6a,2021-02-02T00:00:00Z,11
Q20199116,,04295D9A-207D-4E0F-AD60-0D987A903BAA,55668,d3e5214f59a5c284c269af012d46b4cb3aac7528,48d944eb-30a5-47c6-b7da-670a6d402f8e,2021-02-02T00:00:00Z,11
Q20201820,,06FF3F1F-F8A3-4A48-9BD1-DB7DC45103AD,55653,d3e5214f59a5c284c269af012d46b4cb3aac7528,d50c14ef-7be2-47cb-8551-16d39dd2009a,2021-02-02T00:00:00Z,11
Q20202177,,B839BD0B-629A-42C7-ACF5-488232D99CE9,55746,d3e5214f59a5c284c269af012d46b4cb3aac7528,710254b2-2426-45f8-8c46-34197c4e3e08,2021-02-02T00:00:00Z,11
Q20355351,,15D759BD-680E-428E-B242-2C62EDAC97B6,56668,d3e5214f59a5c284c269af012d46b4cb3aac7528,c1c5150a-c9bb-4c8f-932e-8eef46c239cd,2021-02-02T00:00:00Z,11
Q20392130,,F0142D20-02DB-442C-904B-4BD1FE74249B,56692,d3e5214f59a5c284c269af012d46b4cb3aac7528,1519a232-8901-461f-8685-3471d1ac5ef7,2021-02-02T00:00:00Z,11
Q20396156,,1A0137D1-3A1F-4FED-9F8D-6F5E469F5C4A,57273,d3e5214f59a5c284c269af012d46b4cb3aac7528,32b69380-ffc6-4dae-8fad-ed8bb5553db1,2021-02-02T00:00:00Z,11
Q20431246,,9FA7E1E6-FD1A-4AC7-AA9C-CD832E2CF298,58044,d3e5214f59a5c284c269af012d46b4cb3aac7528,bcf71b44-f82e-4841-b145-6907da767744,2021-02-02T00:00:00Z,11
Q20442040,,8C730212-FE28-463D-A29D-FD5C3DD0C108,55524,d3e5214f59a5c284c269af012d46b4cb3aac7528,cdc209e2-8475-4265-ae7d-df3857a0742a,2021-02-02T00:00:00Z,11
Q2048084,,106ACC79-0F9E-4DB3-940A-473CD9D44E2B,56949,d3e5214f59a5c284c269af012d46b4cb3aac7528,564e344d-d7f6-4ac2-924f-00cb14dd6aff,2021-02-02T00:00:00Z,11
Q20487849,,71993CCE-0EFD-4C3E-B5A2-02A98B72E7D1,58149,d3e5214f59a5c284c269af012d46b4cb3aac7528,9a20027c-e1ac-49ca-a360-0a48a6c28dfc,2021-02-02T00:00:00Z,11
Q20526131,,E25BF75B-8C1E-4561-9ABB-A33EA1A4869B,55508,d3e5214f59a5c284c269af012d46b4cb3aac7528,a5aad731-70b1-4450-a76b-e12fe4d0fdf8,2021-02-02T00:00:00Z,11
Q20536847,,B14C061E-B6EF-4C85-A27C-4148089C700D,50247,d3e5214f59a5c284c269af012d46b4cb3aac7528,1f2a6e3c-cf06-42e0-9f55-353722447f9e,2021-02-02T00:00:00Z,11
Q20536897,,F4353391-0FB3-484C-B29B-2A2114956673,51115,d3e5214f59a5c284c269af012d46b4cb3aac7528,b19d6c92-c949-462b-9c11-7a0d6ff7d74c,2021-02-02T00:00:00Z,11
Q20536904,,43533EE1-119D-4087-B794-E44BE66B5770,50281,d3e5214f59a5c284c269af012d46b4cb3aac7528,7a0d1c54-cf73-456a-b176-22238cf66918,2021-02-02T00:00:00Z,11
Q20537129,,4EAE6B7C-88E4-4315-943F-428D7875FD71,50303,d3e5214f59a5c284c269af012d46b4cb3aac7528,4e44e343-8d3f-41d9-9707-eb276028c5b7,2021-02-02T00:00:00Z,11
Q20537159,,40C4CD5B-8088-4D87-8ADD-8B91040A55F7,46227,d3e5214f59a5c284c269af012d46b4cb3aac7528,79708aad-63e3-4419-ba08-9c0bfaf5b05c,2021-02-02T00:00:00Z,11
Q20537230,,73381B72-8B01-4BAD-8415-C6E3378979B4,50304,d3e5214f59a5c284c269af012d46b4cb3aac7528,fc9688d1-53c2-4e09-8744-2de23fc9180e,2021-02-02T00:00:00Z,11
Q20537301,,26F1F5C3-5E32-44E3-9D38-51CE8E99D0DF,50278,d3e5214f59a5c284c269af012d46b4cb3aac7528,edae2c55-b664-476a-8545-19a851b4f11b,2021-02-02T00:00:00Z,11
Q20537551,,A965D12A-8489-4F65-B749-45EB36925ADD,50321,d3e5214f59a5c284c269af012d46b4cb3aac7528,2974039e-b3c2-4790-8f4b-4004f966b588,2021-02-02T00:00:00Z,11
Q20537606,,38DA46E4-411C-4313-AA3D-59B0AC20AB16,57590,d3e5214f59a5c284c269af012d46b4cb3aac7528,7c0b2342-bef7-4f24-9b82-5e055b3e6c36,2021-02-02T00:00:00Z,11
Q20537858,,E26A12B4-2984-45DB-8FA9-0BFFDF758C1F,50300,d3e5214f59a5c284c269af012d46b4cb3aac7528,a0bfe5b7-b140-4b62-a6ea-c782596b4241,2021-02-02T00:00:00Z,11
Q20537871,,A1FFE69A-D76A-4ECB-94B3-EFA8FECFF9DC,50527,d3e5214f59a5c284c269af012d46b4cb3aac7528,d876fd60-cfc1-4bce-a54a-aee5579ca956,2021-02-02T00:00:00Z,11
Q20538088,,49EFBCF9-77EB-4DA4-81EC-8E8369539A93,51137,d3e5214f59a5c284c269af012d46b4cb3aac7528,d7987283-ac5c-4aff-9c11-00cb52eff6a0,2021-02-02T00:00:00Z,11
Q20538162,,A13BD5D4-391C-43BD-8866-2097F5065BEC,46404,d3e5214f59a5c284c269af012d46b4cb3aac7528,a9d367a8-3364-4429-97ab-0f4a15bd15fc,2021-02-02T00:00:00Z,11
Q20538260,,26606293-17F0-4555-B47A-09A1A3A9AAE2,50502,d3e5214f59a5c284c269af012d46b4cb3aac7528,f9a1ad00-073d-4d64-b2b5-d8597b6c1bec,2021-02-02T00:00:00Z,11
Q20538924,,FC255FA2-A607-4214-8024-9328C4A95D38,50273,d3e5214f59a5c284c269af012d46b4cb3aac7528,3ecda585-bc46-4779-9f6b-08b035b5c843,2021-02-02T00:00:00Z,11
Q20538977,,38C3ECEB-E114-4070-8EBC-881192CC33FE,50496,d3e5214f59a5c284c269af012d46b4cb3aac7528,71c0de99-a3ce-4614-82b8-c4cc2ce5ff09,2021-02-02T00:00:00Z,11
Q20539016,,DEC6B950-1426-4ED9-8DDD-63CBE4EF1313,51102,d3e5214f59a5c284c269af012d46b4cb3aac7528,671c0a07-4965-444b-8b2a-6897e9e95002,2021-02-02T00:00:00Z,11
Q20539043,,1FED96B4-72E4-4A04-878D-0B81C72E36A7,50285,d3e5214f59a5c284c269af012d46b4cb3aac7528,32f25989-4132-4e01-be1f-71aeaadd99c7,2021-02-02T00:00:00Z,11
Q20539093,,74B61B78-8BA8-4D41-A63B-D678AB7FB191,50261,d3e5214f59a5c284c269af012d46b4cb3aac7528,2919278b-e187-4c4f-9f44-58199b5d4a6d,2021-02-02T00:00:00Z,11
Q20539192,,0B0F3342-E20A-46D7-BF19-4C556DF1EFA0,50319,d3e5214f59a5c284c269af012d46b4cb3aac7528,059630c0-fdec-4617-88b6-20ce4587961d,2021-02-02T00:00:00Z,11
Q20539257,,26670F9A-B56D-4271-B0AD-A62EDF70FF8A,50257,d3e5214f59a5c284c269af012d46b4cb3aac7528,03c7e1ee-f2a2-4ac9-beae-ff2437e77929,2021-02-02T00:00:00Z,11
Q20539553,,462BEE94-049C-4F87-B330-9C161134C709,50625,d3e5214f59a5c284c269af012d46b4cb3aac7528,d90d83ce-108a-4bb0-850c-aa0c788212f4,2021-02-02T00:00:00Z,11
Q20539748,,DE50A5E8-E569-4421-B2EC-755DB116FA66,51124,d3e5214f59a5c284c269af012d46b4cb3aac7528,5c2f80a0-ebac-4aed-a502-ae2acb1b551f,2021-02-02T00:00:00Z,11
Q20539797,,C8C424B7-ECEB-4EA2-A4C2-31097F933011,50927,d3e5214f59a5c284c269af012d46b4cb3aac7528,5ddd0a9e-ed8f-4d20-b7d2-7a8866112fd9,2021-02-02T00:00:00Z,11
Q20539853,,6B4D7D44-CF3F-4146-A15A-9CFAA80C3F80,50348,d3e5214f59a5c284c269af012d46b4cb3aac7528,146ce67c-0aaf-4789-9d03-eacc2341ec72,2021-02-02T00:00:00Z,11
Q20539855,,EE47F7EF-9ED1-4D5D-98C8-506F35684263,50349,d3e5214f59a5c284c269af012d46b4cb3aac7528,b313fcd0-196d-4863-9796-911c6e6d3cb8,2021-02-02T00:00:00Z,11
Q20539859,,A9D5348F-22B2-454F-ACFC-CDFBECBC3F5F,50351,d3e5214f59a5c284c269af012d46b4cb3aac7528,214581d0-f9ba-48ee-98c7-88c0ff3f5538,2021-02-02T00:00:00Z,11
Q20539930,,E2F8D642-76C3-4BC2-A845-1086197BC7E2,57929,d3e5214f59a5c284c269af012d46b4cb3aac7528,36b5559c-deea-4180-bb1b-49f67879d975,2021-02-02T00:00:00Z,11
Q20539993,,5EFD28C5-F9EF-4DAB-9D7D-837E202F7910,50942,d3e5214f59a5c284c269af012d46b4cb3aac7528,b725ccd6-6af6-4521-aa4a-afd1b13d625a,2021-02-02T00:00:00Z,11
Q20540011,,A3BECEA1-B3FB-44D3-8CC7-F194415835AF,51132,d3e5214f59a5c284c269af012d46b4cb3aac7528,8b04022e-af9f-4195-b23b-06b5ae78ba43,2021-02-02T00:00:00Z,11
Q20540058,,AE4BA93A-98EC-426B-9415-D5D3CC8965E3,51104,d3e5214f59a5c284c269af012d46b4cb3aac7528,4b46b164-0e2c-4d95-9c07-28471b4ee818,2021-02-02T00:00:00Z,11
Q20540153,,DD35B4F7-662E-4E24-BEBA-637ED931253F,51134,d3e5214f59a5c284c269af012d46b4cb3aac7528,a0dc5d5b-472c-43bd-b30c-14a4ec153c23,2021-02-02T00:00:00Z,11
Q20540155,,18BBE1D2-BF4B-47A2-A6B2-4C7112B498E7,51120,d3e5214f59a5c284c269af012d46b4cb3aac7528,2577a44b-adec-40dc-8bf3-6055d3658b9e,2021-02-02T00:00:00Z,11
Q20540308,,EE48CB5A-1CAF-4AA4-8400-9C7A3C60FD65,50318,d3e5214f59a5c284c269af012d46b4cb3aac7528,3c10eba7-3777-4795-b642-a3ff86676d45,2021-02-02T00:00:00Z,11
Q20540336,,0EC423E1-5BEA-4DB6-8E41-7FB12A1F5EC9,50333,d3e5214f59a5c284c269af012d46b4cb3aac7528,f060761c-8560-440b-89b5-522a27243d60,2021-02-02T00:00:00Z,11
Q20540397,,EDF498F3-826F-411D-B795-B8E2DB126668,50267,d3e5214f59a5c284c269af012d46b4cb3aac7528,627b0f5b-2987-43f6-b6e6-16037ce8d55f,2021-02-02T00:00:00Z,11
Q20540511,,97545189-F87A-4549-96BC-519EDEF0BDF1,50272,d3e5214f59a5c284c269af012d46b4cb3aac7528,5860ab84-7f6a-49ed-b1f7-231105ad778e,2021-02-02T00:00:00Z,11
Q20540566,,A5E845D4-C4FD-4BD5-A851-D3C26EADCF55,50331,d3e5214f59a5c284c269af012d46b4cb3aac7528,e7b038a4-3320-4ced-b471-b6a1ce85482c,2021-02-02T00:00:00Z,11
Q20540619,,B32034F1-85A6-485B-97E8-79ADCCD9CD69,50342,d3e5214f59a5c284c269af012d46b4cb3aac7528,51ce07b5-44be-4bb8-b6dc-f4674464f060,2021-02-02T00:00:00Z,11
Q20540622,,FFAE9596-BBE1-4908-B176-480688B5715E,50328,d3e5214f59a5c284c269af012d46b4cb3aac7528,5f40ef09-affc-4b34-ab7d-5e4c38769e18,2021-02-02T00:00:00Z,11
Q20540629,,5D371B6E-88FC-4431-845E-5AE0AA3049AD,50330,d3e5214f59a5c284c269af012d46b4cb3aac7528,129c9095-c085-424b-935a-3b95a989bd8c,2021-02-02T00:00:00Z,11
Q20540661,,7FAA28FB-BD5C-4F24-86AD-B8D6A4F83B0C,50341,d3e5214f59a5c284c269af012d46b4cb3aac7528,8546e5ee-7cfc-43ac-bc2e-5d5850c15ade,2021-02-02T00:00:00Z,11
Q20540869,,E445F5A0-F2C5-4A99-8721-B0D837994E90,50346,d3e5214f59a5c284c269af012d46b4cb3aac7528,b85152a2-667a-4a84-880a-bb01d4f235cd,2021-02-02T00:00:00Z,11
Q20540872,,41D3BCEB-6B2C-494D-93DE-2A98F82A2A83,50301,d3e5214f59a5c284c269af012d46b4cb3aac7528,41d1d504-be5f-4130-a33e-dbe1bddbed5c,2021-02-02T00:00:00Z,11
Q20540922,,EBE3654C-CA00-484B-B635-35A1FA0C691E,50323,d3e5214f59a5c284c269af012d46b4cb3aac7528,c89a7cf4-1e50-4943-9268-7bdd48fd8c38,2021-02-02T00:00:00Z,11
Q20540973,,5234B333-074E-4340-AB91-3E165F839316,50276,d3e5214f59a5c284c269af012d46b4cb3aac7528,d4a49d4a-16ab-49b1-813e-427c2881aa7f,2021-02-02T00:00:00Z,11
Q20544979,,3C615A1E-2DED-4B38-902C-04F49978CF39,50324,d3e5214f59a5c284c269af012d46b4cb3aac7528,ad04facd-950f-4290-a84d-c57eccc2f336,2021-02-02T00:00:00Z,11
Q20546286,,AEB48109-99E3-48F3-B817-071D4A0B9B4B,50286,d3e5214f59a5c284c269af012d46b4cb3aac7528,c48dd692-5281-44fa-95d9-ef5e57b5e292,2021-02-02T00:00:00Z,11
Q20546827,,3041DD37-4A9C-45FE-8321-039EA7AE2123,46606,d3e5214f59a5c284c269af012d46b4cb3aac7528,82dc92ed-a337-4a2d-84d3-0b59cfd4e2c6,2021-02-02T00:00:00Z,11
Q20550009,,AF7186C4-BB58-4629-953A-01B9B4D0F185,50345,d3e5214f59a5c284c269af012d46b4cb3aac7528,7266ccf7-3279-47eb-b616-32f9970744a0,2021-02-02T00:00:00Z,11
Q20550146,,3725155D-5454-4FC1-A105-8DFC48E3368E,51096,d3e5214f59a5c284c269af012d46b4cb3aac7528,c0d64112-6568-4ddc-8573-d96577b38060,2021-02-02T00:00:00Z,11
Q20550260,,44E374B3-86FA-4922-B329-3E0B42F0922B,50322,d3e5214f59a5c284c269af012d46b4cb3aac7528,2d49916a-0d28-4dd8-b93e-d010ff427f66,2021-02-02T00:00:00Z,11
Q20550383,,E896C04F-9E21-46DA-88CE-CA9C0CBA2337,51090,d3e5214f59a5c284c269af012d46b4cb3aac7528,2ae92023-2cc0-44f5-b38e-8d4ac8129fb0,2021-02-02T00:00:00Z,11
Q20551561,,C8D6AA0D-DEA7-4FCA-A44F-DEAD8D376695,50339,d3e5214f59a5c284c269af012d46b4cb3aac7528,12742514-de8b-4221-a597-695fc3e84842,2021-02-02T00:00:00Z,11
Q20551737,,88F80EC9-BB5B-4F66-B751-BCE1B4D95028,50308,d3e5214f59a5c284c269af012d46b4cb3aac7528,95daf990-14d0-49f4-8835-a38776001d9b,2021-02-02T00:00:00Z,11
Q20551904,,BB37E6C8-E0DF-40D9-8D11-36DAA39D6C85,50282,d3e5214f59a5c284c269af012d46b4cb3aac7528,65fbbaaa-27ef-4623-bfcc-c645bc0dd4e4,2021-02-02T00:00:00Z,11
Q20555288,,0F523CFC-C481-446A-8C10-4F5478722665,51089,d3e5214f59a5c284c269af012d46b4cb3aac7528,9560bb63-d66e-46b5-a02b-7dd283ef6700,2021-02-02T00:00:00Z,11
Q20555340,,0763B793-143F-4DC9-A3D6-94C52AB13DB0,51088,d3e5214f59a5c284c269af012d46b4cb3aac7528,74606f23-a929-4aa3-8879-d83873fd9480,2021-02-02T00:00:00Z,11
Q20555646,,99CEB0B7-8924-4259-B26E-3FE31D21893F,50268,d3e5214f59a5c284c269af012d46b4cb3aac7528,91ba4997-21af-47fb-9baa-f0b665b11485,2021-02-02T00:00:00Z,11
Q20555718,,8F87D72C-7B4D-4834-B6AB-92B271E576CA,55531,d3e5214f59a5c284c269af012d46b4cb3aac7528,c847f345-dcc7-488f-ad3e-6611e43f1db9,2021-02-02T00:00:00Z,11
Q20556632,,0492E2F0-5B58-424C-BC7D-0054E61255AB,50258,d3e5214f59a5c284c269af012d46b4cb3aac7528,be1abe52-542e-4800-9eb5-1f93b8e88647,2021-02-02T00:00:00Z,11
Q20556704,,D4065429-B85C-47B9-8B75-B7DB26AA7862,50500,d3e5214f59a5c284c269af012d46b4cb3aac7528,40bec5ee-216b-4ca8-9dd4-4c6f33dc1462,2021-02-02T00:00:00Z,11
Q20557552,,F3AD2B1C-3357-4F42-A037-C018E5BE9C0F,50270,d3e5214f59a5c284c269af012d46b4cb3aac7528,c352aa32-4d92-4689-b157-a8369984af15,2021-02-02T00:00:00Z,11
Q20560505,,EB16D9AC-AD4F-4E8D-A12B-C9DA5B9573D9,50204,d3e5214f59a5c284c269af012d46b4cb3aac7528,25b734a2-72f0-4e63-a625-e494e96088f5,2021-02-02T00:00:00Z,11
Q20561449,,131243A3-8302-4822-BF54-6E9CD4CBA114,51122,d3e5214f59a5c284c269af012d46b4cb3aac7528,bbfcfdcb-fe6b-4609-8bb1-8d7385f191d3,2021-02-02T00:00:00Z,11
Q20563900,,98A5D54B-C8EF-4D1B-962F-17FD528519FE,51099,d3e5214f59a5c284c269af012d46b4cb3aac7528,cbe25847-8a4b-4cd3-89bc-ff65430017a1,2021-02-02T00:00:00Z,11
Q20563962,,86BCB719-C8FC-4A90-99B3-B9BF492981DF,51100,d3e5214f59a5c284c269af012d46b4cb3aac7528,812e0f1c-14d2-4db5-8eac-2ec5a23693f0,2021-02-02T00:00:00Z,11
Q20565862,,476451BE-43BC-49B4-AD2E-F2A0FA63222E,51119,d3e5214f59a5c284c269af012d46b4cb3aac7528,6c65a4f4-aeae-4d13-bb83-9dcf1e29d7af,2021-02-02T00:00:00Z,11
Q20634224,,0D4D6818-4BAC-46AA-A7F2-78B1664A8310,50256,d3e5214f59a5c284c269af012d46b4cb3aac7528,9ebd3ddd-0e95-4a44-b3d3-3b9aaa0e26c3,2021-02-02T00:00:00Z,11
Q20634473,,35B71EA6-4139-4FA4-A1F6-95C7AD99F13B,50933,d3e5214f59a5c284c269af012d46b4cb3aac7528,93e19674-75dd-44ef-aa46-3744e7bf3f99,2021-02-02T00:00:00Z,11
Q20634475,,4B9D4521-51F8-4FE8-B95B-A4210259EC12,50934,d3e5214f59a5c284c269af012d46b4cb3aac7528,d2da0c28-751b-401d-8a7e-8d290bb496b6,2021-02-02T00:00:00Z,11
Q20634496,,6FC1F813-46D7-4648-A7DB-9AB924A7498A,51103,d3e5214f59a5c284c269af012d46b4cb3aac7528,c5efd4e8-f474-4ba6-8ae8-0516512a5b89,2021-02-02T00:00:00Z,11
Q20634696,,2FDEF42D-EC07-4B7A-AE39-8612E0D089B5,55869,d3e5214f59a5c284c269af012d46b4cb3aac7528,b47695a3-78b1-4680-a3de-326f1cc8265f,2021-02-02T00:00:00Z,11
Q20634697,,9640656B-07F0-4BB4-9900-4DC199F97A5D,50938,d3e5214f59a5c284c269af012d46b4cb3aac7528,c61f6955-7291-47fe-8e45-d7d659f944b1,2021-02-02T00:00:00Z,11
Q20634704,,767E08B7-E335-45CE-9CBD-E55838251A1F,50343,d3e5214f59a5c284c269af012d46b4cb3aac7528,4f7ec426-dd1f-4f0b-98c3-8a44a5dbae44,2021-02-02T00:00:00Z,11
Q20634888,,76DC1D16-E9E5-4BC6-9A8A-A40C4930AE12,50352,d3e5214f59a5c284c269af012d46b4cb3aac7528,67c935d8-e44e-4f45-9d5f-f0fcb91b4b1b,2021-02-02T00:00:00Z,11
Q20635142,,8E64BC2D-2381-4F38-A9DA-E790CF33B27E,50254,d3e5214f59a5c284c269af012d46b4cb3aac7528,d3548328-e491-423e-9df7-51dcdbf34846,2021-02-02T00:00:00Z,11
Q20635236,,A786FA6D-C2EB-4404-A62B-F8FE286B51F7,50347,d3e5214f59a5c284c269af012d46b4cb3aac7528,781e1163-8107-428c-b289-91c10829acca,2021-02-02T00:00:00Z,11
Q20741594,,A5592A5B-662B-4E27-B3D9-7090C7498D1C,57383,d3e5214f59a5c284c269af012d46b4cb3aac7528,a8a29b97-1250-4a81-b5b5-821445d12146,2021-02-02T00:00:00Z,11
Q20771488,,7FD8430A-C02F-4521-816B-D7466555F46A,50335,d3e5214f59a5c284c269af012d46b4cb3aac7528,83424959-7705-4013-a7ce-1fed1dc1c26f,2021-02-02T00:00:00Z,11
Q20771497,,455DB35A-9502-46FA-9CD2-C3D96D238540,51086,d3e5214f59a5c284c269af012d46b4cb3aac7528,e429604e-ddbe-4fd8-9045-3d2c67cab7a1,2021-02-02T00:00:00Z,11
Q20771600,,AF518797-EB01-4EBE-B315-71ECECFB37DE,50506,d3e5214f59a5c284c269af012d46b4cb3aac7528,4d50bd06-5686-4b2d-af3e-7219c2e4d4d5,2021-02-02T00:00:00Z,11
Q20771654,,085DB357-C629-44D7-B47D-65EEBB109907,50277,d3e5214f59a5c284c269af012d46b4cb3aac7528,12ead0a2-c755-4510-9eb6-070bc4c869e6,2021-02-02T00:00:00Z,11
Q20771698,,9B510446-65CC-4E1A-9D2D-85A6B8070E75,50327,d3e5214f59a5c284c269af012d46b4cb3aac7528,d05c28a5-b180-4aec-8b11-66cff5e42674,2021-02-02T00:00:00Z,11
Q20771735,,35F9E8F8-4FB1-477C-A675-76822683D736,50177,d3e5214f59a5c284c269af012d46b4cb3aac7528,d68edce4-40d4-463a-a4ee-12ff1d8fd215,2021-02-02T00:00:00Z,11
Q20771738,,099AE7E2-6557-40C6-BA2D-4A385B64E99A,50630,d3e5214f59a5c284c269af012d46b4cb3aac7528,6f5a826c-aa3d-4fe7-ac54-d26f97e5e346,2021-02-02T00:00:00Z,11
Q20772727,,16EF2AD5-AB26-4EB3-BE46-3939DDF367B3,50930,d3e5214f59a5c284c269af012d46b4cb3aac7528,5aae14f6-a36b-4d39-80a9-3c2554c2180c,2021-02-02T00:00:00Z,11
Q20774604,,480D9BC7-C558-4751-9138-E8EBCA799CE3,50263,d3e5214f59a5c284c269af012d46b4cb3aac7528,6316c431-e828-41d6-ab2a-78b502a73553,2021-02-02T00:00:00Z,11
Q20774629,,7E03425B-3AC5-4E3A-9879-30B4B1112E79,50937,d3e5214f59a5c284c269af012d46b4cb3aac7528,9d19b321-5373-4394-88e0-f5ef06d7ea07,2021-02-02T00:00:00Z,11
Q20774699,,D7E47C8D-203B-42B9-AB88-7914202CB2E3,50250,d3e5214f59a5c284c269af012d46b4cb3aac7528,c3596089-2e8c-4b0f-b5bf-966e209655ba,2021-02-02T00:00:00Z,11
Q20775544,,0DD3CFD8-46F5-4F7C-A5F3-DC52B42D327D,51128,d3e5214f59a5c284c269af012d46b4cb3aac7528,4f19a70f-ab01-40f9-b5a6-648e1adb8e4b,2021-02-02T00:00:00Z,11
Q20775687,,08140FAC-AD36-4908-9E74-D1EF353BD549,50255,d3e5214f59a5c284c269af012d46b4cb3aac7528,8f817e99-9f77-4e58-b89c-ff15be88ee4d,2021-02-02T00:00:00Z,11
Q20776291,,180BF71C-B0E1-44DF-9092-49318071FFFE,50252,d3e5214f59a5c284c269af012d46b4cb3aac7528,456bf819-21a8-48b8-a47f-968b17cb32e4,2021-02-02T00:00:00Z,11
Q20776664,,5ACE945E-9F1D-4B41-9F60-463D7E8CE1FC,50498,d3e5214f59a5c284c269af012d46b4cb3aac7528,95976c91-bd50-4957-bbb1-b92a73cc1245,2021-02-02T00:00:00Z,11
Q20776670,,24B2667C-E35E-4B8A-8F43-EA2622F3D68F,50499,d3e5214f59a5c284c269af012d46b4cb3aac7528,f2efbcc2-20de-4ae3-8b6f-37313b23822b,2021-02-02T00:00:00Z,11
Q20776680,,67644299-0BCA-4BE4-B02A-59A9E05EADA0,50264,d3e5214f59a5c284c269af012d46b4cb3aac7528,329b8075-a19f-4d5f-9550-28dfa7079472,2021-02-02T00:00:00Z,11
Q20777602,,52156923-91EE-4E1D-AB40-CCC1A991045F,50337,d3e5214f59a5c284c269af012d46b4cb3aac7528,402e1238-93aa-4591-b404-0de882a9845b,2021-02-02T00:00:00Z,11
Q20777638,,1652C12B-9F55-4C9C-AA26-A50353AFDBD2,50325,d3e5214f59a5c284c269af012d46b4cb3aac7528,cbe77060-a623-4191-9c9f-67448cfdc67f,2021-02-02T00:00:00Z,11
Q20777792,,AA856663-BF6B-4BAA-BE96-9475969F682E,51097,d3e5214f59a5c284c269af012d46b4cb3aac7528,8336c18e-e7da-4511-a1ae-5fd50ccabea2,2021-02-02T00:00:00Z,11
Q20777935,,14660B3B-733C-4F94-A472-1135F202A7C1,50299,d3e5214f59a5c284c269af012d46b4cb3aac7528,16794ce8-24da-44ca-98c6-49766dcfa1c3,2021-02-02T00:00:00Z,11
Q20778055,,D679E729-FFE8-4A53-AECD-3DC51718D084,50332,d3e5214f59a5c284c269af012d46b4cb3aac7528,7e536261-e05c-4d2d-9c86-0687b6b11890,2021-02-02T00:00:00Z,11
Q20789529,,58007A84-3C68-46B0-8FBA-5F8EFBE8EBE5,58123,d3e5214f59a5c284c269af012d46b4cb3aac7528,0b1ea3f6-9640-4831-bf40-63733f101700,2021-02-02T00:00:00Z,11
Q20789828,,5175D30D-79E1-4A27-B746-541932AF7593,51094,d3e5214f59a5c284c269af012d46b4cb3aac7528,12759640-33f8-4971-b9ab-c0fd0a494019,2021-02-02T00:00:00Z,11
Q20798439,,C005D28F-3B98-44DA-B463-B390DE8D5198,58107,d3e5214f59a5c284c269af012d46b4cb3aac7528,9bfa3045-42f2-4ac9-961e-cbb67c42c796,2021-02-02T00:00:00Z,11
Q20810084,,79EBFCE7-33AE-4659-A456-E393FCF7AC1E,58355,d3e5214f59a5c284c269af012d46b4cb3aac7528,004c7b73-3c51-4bd8-ba75-bbdfbb838039,2021-02-02T00:00:00Z,11
Q20812914,,C0E84849-0866-49ED-B754-EBBAE0B4109B,55847,d3e5214f59a5c284c269af012d46b4cb3aac7528,26af732a-7dfa-4e32-b4e2-6c8dfbe9491a,2021-02-02T00:00:00Z,11
Q20891346,,10FE4C36-C18B-4ACC-8A4A-7ACDB84C3F8E,57812,d3e5214f59a5c284c269af012d46b4cb3aac7528,8fc3dc90-a974-41a4-998f-cda1535317a6,2021-02-02T00:00:00Z,11
Q20891347,,ECC9C303-6CA5-4991-8DF5-71D284FB1CB2,58057,d3e5214f59a5c284c269af012d46b4cb3aac7528,432924c4-8d95-4197-910a-76d27f716855,2021-02-02T00:00:00Z,11
Q20891364,,4FA7CE24-12E8-40B8-A017-F7AD1E77FB7F,57013,d3e5214f59a5c284c269af012d46b4cb3aac7528,8e3f6ca2-6ea3-433b-ba33-0a322eef9359,2021-02-02T00:00:00Z,11
Q2089788,,F74EA0A2-0B66-4D0B-9B07-92A840676F20,56596,d3e5214f59a5c284c269af012d46b4cb3aac7528,594e794b-655a-4267-9c6b-e3d070c8fe77,2021-02-02T00:00:00Z,11
Q21177097,,879C78EF-06F4-4EF8-A17C-2F526C12EDEF,57743,d3e5214f59a5c284c269af012d46b4cb3aac7528,45b22594-c15e-4440-ac25-f0a2ad94672f,2021-02-02T00:00:00Z,11
Q2133670,,0978C6C8-9D34-4B13-AD64-4C20010E5785,55259,d3e5214f59a5c284c269af012d46b4cb3aac7528,83976959-001a-4303-ac17-79b21ea439aa,2021-02-02T00:00:00Z,11
Q21406189,,CA3B6AD6-DC61-4263-A925-7B3B0D637CD1,56282,d3e5214f59a5c284c269af012d46b4cb3aac7528,0f7fa8a6-30a4-4905-bbca-d492606ee002,2021-02-02T00:00:00Z,11
Q21530716,,9439EAC2-2B71-4808-B96B-2CB134FCC656,57911,d3e5214f59a5c284c269af012d46b4cb3aac7528,533e7d7f-ad13-479c-8f8f-abc874fccd0b,2021-02-02T00:00:00Z,11
Q21558277,,7800F550-A6EC-4E07-B8A5-FF9C6CB390EC,56981,d3e5214f59a5c284c269af012d46b4cb3aac7528,4411bb33-13ed-4b02-8483-afd09d0e591b,2021-02-02T00:00:00Z,11
Q21598836,,178C30C3-C6D1-418B-9349-D69C1DAF5FFB,56322,d3e5214f59a5c284c269af012d46b4cb3aac7528,a0133cca-429d-4e0f-a40f-186c2805f6c1,2021-02-02T00:00:00Z,11
Q21672339,,89845C24-4212-4D88-B695-7203001D89A0,58144,d3e5214f59a5c284c269af012d46b4cb3aac7528,184522c4-6d9d-443c-8012-76f6ea0cde0a,2021-02-02T00:00:00Z,11
Q21716411,,DBEA6616-3604-425D-89E0-6C92C391E01A,55031,d3e5214f59a5c284c269af012d46b4cb3aac7528,6f919b0c-8d86-4a42-b881-78fde38c697c,2021-02-02T00:00:00Z,11
Q21725522,,89188F01-59C4-4F1E-A143-B9FCCC5ADC5B,54978,d3e5214f59a5c284c269af012d46b4cb3aac7528,5db16e13-327a-470d-9ef7-58203dcc1b21,2021-02-02T00:00:00Z,11
Q21764197,,93C4A251-4ADA-46D5-8F05-82B36C59BF56,57832,d3e5214f59a5c284c269af012d46b4cb3aac7528,119e3f9f-678d-4998-8053-36ed79784bde,2021-02-02T00:00:00Z,11
Q21771319,,530CE906-FBF2-4B86-AD81-FAB3BFB7D8F8,56500,d3e5214f59a5c284c269af012d46b4cb3aac7528,f45537f2-b6b7-4be6-b9d4-cbef7e18f569,2021-02-02T00:00:00Z,11
Q21791426,,E6B1EA3A-A315-455B-947C-CFA882A93F06,55769,d3e5214f59a5c284c269af012d46b4cb3aac7528,bd1c834e-3f17-46bd-a43f-baf104d0d414,2021-02-02T00:00:00Z,11
Q21995956,,B877C56B-77A9-4A96-8983-9D07A676D649,55984,d3e5214f59a5c284c269af012d46b4cb3aac7528,0f7748de-0ddc-4c9b-bd19-e1cabd3d5300,2021-02-02T00:00:00Z,11
Q22008851,,C05D0C05-5A03-468C-B649-5399944CD77E,57617,d3e5214f59a5c284c269af012d46b4cb3aac7528,f42d4123-a80e-4ea6-8be0-0bb532643140,2021-02-02T00:00:00Z,11
Q220822,,C4FE4115-A43B-4176-9AF7-4FA9EE1F5BE2,55880,d3e5214f59a5c284c269af012d46b4cb3aac7528,a3f17848-263e-4de3-8fa7-23911f3f0b75,2021-02-02T00:00:00Z,11
Q22085031,,D0BC7975-4695-491D-A22F-5F17949DB299,55635,d3e5214f59a5c284c269af012d46b4cb3aac7528,4bf875b2-b38d-4f3e-8315-b8ee06514438,2021-02-02T00:00:00Z,11
Q22085521,,3488878A-7063-4E2F-BD6D-32B2064F209E,56130,d3e5214f59a5c284c269af012d46b4cb3aac7528,8bb72538-552d-4f14-8262-a27353096500,2021-02-02T00:00:00Z,11
Q22116931,,FA7EA4AD-D77D-4761-910D-4A703F812285,58105,d3e5214f59a5c284c269af012d46b4cb3aac7528,2897083a-5252-46e7-a1d4-ff8099c66044,2021-02-02T00:00:00Z,11
Q22260425,,3BF9E2D6-ECFF-41D7-BF13-CCDE172ECA6B,58151,d3e5214f59a5c284c269af012d46b4cb3aac7528,1b4e358e-4820-4d5f-bcb5-5a208f048dcb,2021-02-02T00:00:00Z,11
Q22274084,,7CFC2DF8-94EA-4C99-9BB8-D0B1DE5520CB,55410,d3e5214f59a5c284c269af012d46b4cb3aac7528,7b7f133b-b5ae-4438-bc9a-a917d5fc0bd0,2021-02-02T00:00:00Z,11
Q22304362,,624D77D7-8C03-43DB-A3FD-8316C6894FE9,58168,d3e5214f59a5c284c269af012d46b4cb3aac7528,30f1c2c6-4376-43de-a75f-b8f4a4082c49,2021-02-02T00:00:00Z,11
Q223681,,ACCA57B2-BD02-4085-AFE1-1736C7F28D56,55634,d3e5214f59a5c284c269af012d46b4cb3aac7528,3f2eae92-a20e-4f88-b5e3-e19d88a8b27a,2021-02-02T00:00:00Z,11
Q2246489,,FED6922D-FE2F-452A-A15B-F06FD1787925,57953,d3e5214f59a5c284c269af012d46b4cb3aac7528,1620899e-c2c1-47dd-ae01-056bda280b2c,2021-02-02T00:00:00Z,11
Q22671587,,A7323296-DBB0-497D-9A72-6A27C732E701,57303,d3e5214f59a5c284c269af012d46b4cb3aac7528,16aa5bec-8faa-4668-aee0-ec57f34e5b47,2021-02-02T00:00:00Z,11
Q22672612,,4A8C860B-1979-40C4-8184-928E9D6F3DB2,54992,d3e5214f59a5c284c269af012d46b4cb3aac7528,b13f3ce4-59aa-4a9a-aef8-df327ecd3304,2021-02-02T00:00:00Z,11
Q2274548,,59BB5282-ED87-4171-A043-3533D114889E,56696,d3e5214f59a5c284c269af012d46b4cb3aac7528,26d6f894-55fe-4a52-9283-e82b923109ab,2021-02-02T00:00:00Z,11
Q22915270,,10E3118A-EA2F-4097-BA8D-FB1035DB9DEA,58052,d3e5214f59a5c284c269af012d46b4cb3aac7528,4d8054b7-a6b5-402d-99af-0dce0236f988,2021-02-02T00:00:00Z,11
Q22928400,,89DEBF1B-A947-4E6E-B3BC-967B6D7AE395,55844,d3e5214f59a5c284c269af012d46b4cb3aac7528,8646930c-ed57-43ef-b9ac-6e9802b22968,2021-02-02T00:00:00Z,11
Q2318992,,B03DF6DB-05D6-420B-BD65-5F506F1BB87F,57247,d3e5214f59a5c284c269af012d46b4cb3aac7528,6bdb838d-e818-469c-99a8-1c52c41fc0bd,2021-02-02T00:00:00Z,11
Q2346367,,BD616D36-FF9A-4CFE-943C-700F63E9B8C6,55161,d3e5214f59a5c284c269af012d46b4cb3aac7528,9697550c-a7e7-462a-9d97-808af1132b75,2021-02-02T00:00:00Z,11
Q23581940,,943C54B3-55A1-41C0-86AC-1EF6B36C95EA,57481,d3e5214f59a5c284c269af012d46b4cb3aac7528,b9e02e84-d9a7-4427-808c-b8f992c4cb07,2021-02-02T00:00:00Z,11
Q23701713,,037AE299-41F1-4269-8BF7-E13FCB516147,56157,d3e5214f59a5c284c269af012d46b4cb3aac7528,9a54d083-3cb0-467d-a255-83b04638c578,2021-02-02T00:00:00Z,11
Q23756462,,2D99EF43-A91E-42A8-B74F-5BE993B9263A,57933,d3e5214f59a5c284c269af012d46b4cb3aac7528,8ea79a24-72a7-447c-ad10-05ea99be3425,2021-02-02T00:00:00Z,11
Q23759194,,BA79FEB3-DA1D-4B2D-A5C8-AA7169C3AD31,56101,d3e5214f59a5c284c269af012d46b4cb3aac7528,fa60d841-6aa7-4e50-8b47-5eab292c00b7,2021-02-02T00:00:00Z,11
Q23936146,,AE55A2D5-EB5F-43AF-971F-DA9C8029420B,55858,d3e5214f59a5c284c269af012d46b4cb3aac7528,ed7bca8a-18ba-48ee-9d4f-510cb5c1dd1b,2021-02-02T00:00:00Z,11
Q23936184,,90EC6D36-9FBD-4FC1-9665-49580FEEE301,56039,d3e5214f59a5c284c269af012d46b4cb3aac7528,ea87fdc6-68e9-4671-b43d-c348fcd722af,2021-02-02T00:00:00Z,11
Q23936317,,FBF85539-BB56-4F19-AC2D-6C566CAD5BD4,55590,d3e5214f59a5c284c269af012d46b4cb3aac7528,da8bb2ea-0360-4736-a4d9-e885fcf11ca6,2021-02-02T00:00:00Z,11
Q23940134,,A4BF7710-9927-4A2B-9EF5-5930109DAB3D,55606,d3e5214f59a5c284c269af012d46b4cb3aac7528,36419d32-96f4-48fb-ac8c-56e1769ccd9f,2021-02-02T00:00:00Z,11
Q23941672,,D4C6B66F-D645-469A-B4BF-057D6BFA475A,57048,d3e5214f59a5c284c269af012d46b4cb3aac7528,85495af5-9b0f-4b04-9c97-b78e029a4bd0,2021-02-02T00:00:00Z,11
Q23948008,,208E504B-9E26-46A5-A884-D15FC522149D,57354,d3e5214f59a5c284c269af012d46b4cb3aac7528,f2582ab3-6a17-42b2-a6c7-726b7251bad9,2021-02-02T00:00:00Z,11
Q23948082,,82ACF6BB-FE05-4EC7-A0EA-1E2A8806C327,56848,d3e5214f59a5c284c269af012d46b4cb3aac7528,e246a00f-70ff-4564-8160-f9313954e5d9,2021-02-02T00:00:00Z,11
Q24064675,,75D89C48-F8B1-4B32-8977-EB0FF1BB2F07,57763,d3e5214f59a5c284c269af012d46b4cb3aac7528,20f45947-838e-47a7-aed2-cf87dc1898c0,2021-02-02T00:00:00Z,11
Q24065941,,A6B259FA-57DF-4E7A-AF08-A8B2DF63E842,55720,d3e5214f59a5c284c269af012d46b4cb3aac7528,6720f672-f882-4836-957c-11f23c1dd7d4,2021-02-02T00:00:00Z,11
Q24283961,,DE22FB18-A245-4CA6-9BF9-AEE1558395DC,56627,d3e5214f59a5c284c269af012d46b4cb3aac7528,52d1d2d1-dfea-46b6-8469-5bef214b22c5,2021-02-02T00:00:00Z,11
Q2432159,,E39EDD7B-CAD7-4978-A78A-4DE57CF0A88D,53085,d3e5214f59a5c284c269af012d46b4cb3aac7528,faf8d9a2-05a9-43b3-8f14-c09fc4d7b685,2021-02-02T00:00:00Z,11
Q2436699,,2228B6F2-76B6-4A0B-9DB5-CCD144D4CEC2,47446,d3e5214f59a5c284c269af012d46b4cb3aac7528,261ed8b9-ef93-4a9c-bfd3-8f882ad51a05,2021-02-02T00:00:00Z,11
Q2453980,,2DA80758-D5DA-46F6-8063-AEB1FB8E02D5,56225,d3e5214f59a5c284c269af012d46b4cb3aac7528,d0186707-a6fc-4da4-9154-dac877c28b1e,2021-02-02T00:00:00Z,11
Q2467856,,355CEB16-AA66-439A-8D12-9B8194546506,48050,d3e5214f59a5c284c269af012d46b4cb3aac7528,edd6d3ca-ac8b-400c-b3e1-3de08608705d,2021-02-02T00:00:00Z,11
Q2471800,,2451FEE2-DDD8-4ED0-89E3-0791D75545D3,56213,d3e5214f59a5c284c269af012d46b4cb3aac7528,82046b4b-9601-426b-ab19-45ebc0cb39b0,2021-02-02T00:00:00Z,11
Q25263511,,3E04C442-F592-4158-86D9-109644DAFFF4,58148,d3e5214f59a5c284c269af012d46b4cb3aac7528,2c1fe541-4c28-462c-b0bf-11a5948e55ab,2021-02-02T00:00:00Z,11
Q261010,,C4BE9FC6-B822-4583-AAA6-35BCACB12363,55344,d3e5214f59a5c284c269af012d46b4cb3aac7528,bc942341-eda9-4796-b45c-89f1a4b2bc8a,2021-02-02T00:00:00Z,11
Q26161645,,F4B29605-11F9-4712-8D57-85AB1FDF6B81,57875,d3e5214f59a5c284c269af012d46b4cb3aac7528,6ea54170-7f4e-41cb-98f7-3daac538951c,2021-02-02T00:00:00Z,11
Q26221349,,0E1B6DED-6333-4AD4-876B-A0B5A5E344C8,55406,d3e5214f59a5c284c269af012d46b4cb3aac7528,877884dd-db95-4de1-b75a-f3c0757af620,2021-02-02T00:00:00Z,11
Q26260856,,982B4EB8-8E1A-41F8-A64D-F6385E22D2B8,58176,d3e5214f59a5c284c269af012d46b4cb3aac7528,8cac4f41-8edd-4c8a-ad58-3effa0af8e58,2021-02-02T00:00:00Z,11
Q26522395,,981E94AE-9FB8-4B55-818B-8A827D8EDF2B,56879,d3e5214f59a5c284c269af012d46b4cb3aac7528,bf44fe1d-144f-47f3-8c90-63747b778fb2,2021-02-02T00:00:00Z,11
Q26678230,,C04A040A-63F5-4824-8FFB-FE98B3244B8F,56662,d3e5214f59a5c284c269af012d46b4cb3aac7528,bda9fbda-ebff-4ca3-90df-ddbb22308f6c,2021-02-02T00:00:00Z,11
Q2670127,,E2926F49-239C-4804-AC9E-79D491617298,57956,d3e5214f59a5c284c269af012d46b4cb3aac7528,7f7de8db-16dd-4db1-a0ba-de4a89dc78f2,2021-02-02T00:00:00Z,11
Q26767199,,77B9518C-550D-4E8E-997F-2A9D686BD65E,58173,d3e5214f59a5c284c269af012d46b4cb3aac7528,1b248c02-2d37-4aae-b680-0077623056a0,2021-02-02T00:00:00Z,11
Q2752079,,FBB22134-0D79-4378-BDA2-CA4B16B05678,54950,d3e5214f59a5c284c269af012d46b4cb3aac7528,f47b8ea5-7906-4b89-aa4f-0e98c35bde7b,2021-02-02T00:00:00Z,11
Q27698075,,9B17915B-45A1-4A75-AD42-0E7D2BA9E61D,55453,d3e5214f59a5c284c269af012d46b4cb3aac7528,8390617b-3094-407b-82a3-05dc7cf6524f,2021-02-02T00:00:00Z,11
Q27701893,,214CB443-23EC-423D-92A9-B44C0AA619EB,57951,d3e5214f59a5c284c269af012d46b4cb3aac7528,a43829a7-eedc-4b61-93bf-978b172856d5,2021-02-02T00:00:00Z,11
Q27927599,,FAA70409-F4AD-4B62-A440-9B4A5D05970A,55557,d3e5214f59a5c284c269af012d46b4cb3aac7528,44e8a763-8477-4504-99f5-eb55357a24e6,2021-02-02T00:00:00Z,11
Q27968165,,08662CB5-5398-455E-BF3F-8632DC0E3390,55418,d3e5214f59a5c284c269af012d46b4cb3aac7528,72365c72-5246-4ce6-87bf-6c125d5037e9,2021-02-02T00:00:00Z,11
Q27970539,,B9F1CB2D-B15A-4980-9BC9-416DE6FE1827,54668,d3e5214f59a5c284c269af012d46b4cb3aac7528,91f8399c-5e3c-4730-87da-fde9517a4e24,2021-02-02T00:00:00Z,11
Q27980536,,39F85485-8913-4D9C-9A55-54DDDFD21EF8,56615,d3e5214f59a5c284c269af012d46b4cb3aac7528,4d873c45-68ad-436e-a6a1-c8e22e4d068c,2021-02-02T00:00:00Z,11
Q27980614,,7998BE55-4992-4314-86B0-950F1C4DFDC5,56756,d3e5214f59a5c284c269af012d46b4cb3aac7528,835f65ce-26d1-435e-98a8-2410cbea89f2,2021-02-02T00:00:00Z,11
Q27990841,,B8443A6E-FA9D-4F6A-9CED-DB242640EA82,55868,d3e5214f59a5c284c269af012d46b4cb3aac7528,3793328d-7c45-4aa4-875e-9e44e5840603,2021-02-02T00:00:00Z,11
Q28093574,,B1DFF4A8-04D2-4A6A-B1B6-497394EFDCE8,57764,d3e5214f59a5c284c269af012d46b4cb3aac7528,2637ba47-6db6-4571-9749-f1b8dc4cb42e,2021-02-02T00:00:00Z,11
Q28133348,,3B0DFC17-E9F4-4EB8-B21D-3FE474B6E630,56408,d3e5214f59a5c284c269af012d46b4cb3aac7528,7443754e-b8c2-46ae-bee9-8d1c96dc25cc,2021-02-02T00:00:00Z,11
Q28532821,,91F8CD00-DF85-4E88-94E7-3EDDC8F4A40C,56655,d3e5214f59a5c284c269af012d46b4cb3aac7528,4a01e2cf-1d03-4c47-b6a4-c81a37e1885f,2021-02-02T00:00:00Z,11
Q28735309,,738A4B38-B87C-40C4-AF1B-B6C08109C06A,54748,d3e5214f59a5c284c269af012d46b4cb3aac7528,23fa0e5d-7af8-48df-bb44-aba3f5a4d3d8,2021-02-02T00:00:00Z,11
Q28775701,,2B1158C6-D1B2-4BD2-9AEB-E25C3CA12E39,55995,d3e5214f59a5c284c269af012d46b4cb3aac7528,510bcb74-7653-4443-9c24-3da59edcbc94,2021-02-02T00:00:00Z,11
Q28777022,,C46400FC-F566-4246-8B52-0D3D79B34B9F,56687,d3e5214f59a5c284c269af012d46b4cb3aac7528,49f4a67e-66ac-45c7-9473-7ef36466648e,2021-02-02T00:00:00Z,11
Q28778027,,E9FD8550-6FA8-4C8D-9C04-9552BD98DCB5,56575,d3e5214f59a5c284c269af012d46b4cb3aac7528,3703c8a4-dbad-488c-a714-9b706e51df18,2021-02-02T00:00:00Z,11
Q28782676,,D4367625-F2D2-4A08-B1E8-48ED1FB8E190,55411,d3e5214f59a5c284c269af012d46b4cb3aac7528,28c90ab1-c45b-4a5f-8f46-ea1b72c985d0,2021-02-02T00:00:00Z,11
Q28794232,,C6C344CD-8748-43BE-B34A-B10F5D496DFE,58150,d3e5214f59a5c284c269af012d46b4cb3aac7528,186108c1-b125-41b3-aef7-05dc209a69a4,2021-02-02T00:00:00Z,11
Q28796194,,DB9D097B-DAC6-49DE-A775-A137A687A5E0,56939,d3e5214f59a5c284c269af012d46b4cb3aac7528,1869be5a-d821-4061-9c4f-9ef0adc0f242,2021-02-02T00:00:00Z,11
Q28796893,,44F9551D-4D6A-4546-AD1F-D74F01760A8F,55617,d3e5214f59a5c284c269af012d46b4cb3aac7528,d87cef41-37e6-46ed-8a80-11421b76299d,2021-02-02T00:00:00Z,11
Q28797016,,1D14A9BA-59EF-4D36-B725-A65208885D36,55837,d3e5214f59a5c284c269af012d46b4cb3aac7528,e24d4053-b5e0-4755-a6be-4282608a932c,2021-02-02T00:00:00Z,11
Q28797804,,2DB34FE8-892A-4301-9403-80BAB68E3D12,56933,d3e5214f59a5c284c269af012d46b4cb3aac7528,0992c489-d469-43fb-9c78-e987a8274460,2021-02-02T00:00:00Z,11
Q28801642,,2B85163B-433F-492B-8446-FF665FDA7E2D,55724,d3e5214f59a5c284c269af012d46b4cb3aac7528,3c7b2561-e979-46fe-a6a2-deab02bd498e,2021-02-02T00:00:00Z,11
Q28801648,,A5FF4ECA-095B-4C90-A0EF-2E1765A8CB90,58140,d3e5214f59a5c284c269af012d46b4cb3aac7528,83d8d0bb-3afe-4b8e-9df8-ca699956ae03,2021-02-02T00:00:00Z,11
Q28802973,,50465C0B-B534-4C9F-9656-E207F7CE978D,58131,d3e5214f59a5c284c269af012d46b4cb3aac7528,0912e78a-ea8b-4b4c-93c7-e364a7c3ac4c,2021-02-02T00:00:00Z,11
Q28803580,,56C84732-F752-4E1A-8771-C55952303952,56091,d3e5214f59a5c284c269af012d46b4cb3aac7528,8b035ac8-8459-4eb3-9e15-3f46a6080a29,2021-02-02T00:00:00Z,11
Q28805928,,257BD4E7-81B8-47E5-82B9-5B04C79DBC30,56654,d3e5214f59a5c284c269af012d46b4cb3aac7528,5f2a2150-cf95-46c7-9d05-df9ba17ceee1,2021-02-02T00:00:00Z,11
Q28810780,,8616F00A-3F6B-4C11-85D6-D3B9A283E26C,56495,d3e5214f59a5c284c269af012d46b4cb3aac7528,4d464f6d-b75b-495e-b23c-0dd7414cea2e,2021-02-02T00:00:00Z,11
Q28840319,,9739EA7C-64E2-493F-A193-E3AB678D58A7,57998,d3e5214f59a5c284c269af012d46b4cb3aac7528,da3161a8-a012-4043-b167-5e24570dfa1e,2021-02-02T00:00:00Z,11
Q28879200,,59052BF3-26E0-4943-87E7-190FB7685F1D,55667,d3e5214f59a5c284c269af012d46b4cb3aac7528,4ccc6b0c-c769-4024-a607-0579c698df53,2021-02-02T00:00:00Z,11
Q28914344,,CC0EE884-1B77-4CAB-9DFD-C1200793E7A2,55407,d3e5214f59a5c284c269af012d46b4cb3aac7528,16a996ef-012f-43b3-9341-f899db0dc51b,2021-02-02T00:00:00Z,11
Q2892964,,8FED2E5D-553C-4EF2-BD14-8F67608198D0,56602,d3e5214f59a5c284c269af012d46b4cb3aac7528,f3f7ee84-dcff-4e14-8f0c-0980d2e9c9a6,2021-02-02T00:00:00Z,11
Q2907262,,E1D10F1F-327C-4855-8FB5-49853089739E,57049,d3e5214f59a5c284c269af012d46b4cb3aac7528,8bb665bf-4c3d-4e67-8f95-10537a344b98,2021-02-02T00:00:00Z,11
Q2907436,,6E969E06-2598-42D8-A65D-2146EA3F4D05,55315,d3e5214f59a5c284c269af012d46b4cb3aac7528,4e94c36c-4f8a-4941-bdb1-9ae341b7d9e0,2021-02-02T00:00:00Z,11
Q29134514,,E1BE72CE-7715-4419-999A-455089836314,55005,d3e5214f59a5c284c269af012d46b4cb3aac7528,c830ba48-bf7c-4596-bb5d-1135567b2c42,2021-02-02T00:00:00Z,11
Q2920073,,594E1819-C035-4F02-8F50-7B1FD7BCC51E,58099,d3e5214f59a5c284c269af012d46b4cb3aac7528,d31873db-a328-4875-9b41-c2d173a79c1e,2021-02-02T00:00:00Z,11
Q292242,,130C81F1-B671-4113-B534-70D6238C8C9A,54763,d3e5214f59a5c284c269af012d46b4cb3aac7528,5fd5a5cb-0769-43f9-bed0-0e0ea6c3c0b1,2021-02-02T00:00:00Z,11
Q2942886,,032CDC37-728E-4B67-ACC9-A1B3B47F7CA7,54305,d3e5214f59a5c284c269af012d46b4cb3aac7528,cf6a9bb3-54e6-4e8e-b5a2-fa1d235a58aa,2021-02-02T00:00:00Z,11
Q2961394,,3DB10C6F-09EA-4DCF-8F68-A8293FC7D50E,56178,d3e5214f59a5c284c269af012d46b4cb3aac7528,1590d8d7-659d-4f94-a095-92173c60c398,2021-02-02T00:00:00Z,11
Q29656436,,222BFC6A-C802-4580-BC04-5CFB55202863,56513,d3e5214f59a5c284c269af012d46b4cb3aac7528,c5eaa577-616a-4ac6-9518-7ffbfbae1171,2021-02-02T00:00:00Z,11
Q29960245,,FF050C12-E072-465D-903A-7D92A6CD4DD1,55232,d3e5214f59a5c284c269af012d46b4cb3aac7528,8ba04e45-fef7-408d-b0e0-66aa3130bc8c,2021-02-02T00:00:00Z,11
Q29965648,,3B8DDD34-2A41-47CC-8528-ECE8E9909FE4,57047,d3e5214f59a5c284c269af012d46b4cb3aac7528,bed329dd-aab2-4d86-9601-56c6d3f927cb,2021-02-02T00:00:00Z,11
Q30098108,,526CC2EC-C88A-45CD-828A-F6D3EEDB5386,56413,d3e5214f59a5c284c269af012d46b4cb3aac7528,2859772a-ea5b-4147-a54a-e4edd12f40df,2021-02-02T00:00:00Z,11
Q3063833,,7B8A4C7A-6C36-4020-B9A9-D776AE0F74AD,54980,d3e5214f59a5c284c269af012d46b4cb3aac7528,66bdfe9e-f516-48dd-80b2-80c757f227bc,2021-02-02T00:00:00Z,11
Q3079224,,FF5A4895-E98E-45EA-AC2C-E1B31CC8F366,58325,d3e5214f59a5c284c269af012d46b4cb3aac7528,509b575b-0596-4c3d-9a19-ad7176f3e770,2021-02-02T00:00:00Z,11
Q3203172,,14193A0E-7817-492E-954E-208D75E20B17,57370,d3e5214f59a5c284c269af012d46b4cb3aac7528,66b3048b-86ad-4dc3-8f3c-915aa69606b4,2021-02-02T00:00:00Z,11
Q3224378,,972F1F83-D40F-4D58-ADE6-467B62C7B3F4,58311,d3e5214f59a5c284c269af012d46b4cb3aac7528,02904608-975d-4901-83b6-2b9b4c77601e,2021-02-02T00:00:00Z,11
Q3232117,,8335DB13-C740-4DE3-9633-BCC3C2C8E8D7,55038,d3e5214f59a5c284c269af012d46b4cb3aac7528,fb5b72d4-c1ec-4a6a-be61-2f5ccce3e414,2021-02-02T00:00:00Z,11
Q325267,,6943DF2C-2F36-4E53-965E-BBD0EF061C00,55126,d3e5214f59a5c284c269af012d46b4cb3aac7528,08b0d296-8bbb-42d9-a38d-4130840e9789,2021-02-02T00:00:00Z,11
Q33133480,,BBB47F71-49A9-4134-9CDC-8F74368F0E2F,56458,d3e5214f59a5c284c269af012d46b4cb3aac7528,c1744638-645a-444c-aaa2-f0696b720e6b,2021-02-02T00:00:00Z,11
Q3428032,,DE285DF0-9CAA-407E-B9B1-937426EBE84E,57635,d3e5214f59a5c284c269af012d46b4cb3aac7528,96382b8a-091d-4063-aada-29f5d943a0e1,2021-02-02T00:00:00Z,11
Q3613127,,E15D9FBF-532B-4E96-AFB3-EC3E7DC21EA7,55293,d3e5214f59a5c284c269af012d46b4cb3aac7528,10733237-839b-4c9f-97a7-96e4756258bc,2021-02-02T00:00:00Z,11
Q3615314,,B7EDA2B4-BC34-4E60-9E48-93791A748477,56796,d3e5214f59a5c284c269af012d46b4cb3aac7528,b01481e5-dad7-442e-b5e7-12ac434719e4,2021-02-02T00:00:00Z,11
Q3636745,,432501AE-4292-4EA3-A339-B12C8F3A24D5,56767,d3e5214f59a5c284c269af012d46b4cb3aac7528,5d06689e-49d3-4ca0-9512-f4438b7da3f0,2021-02-02T00:00:00Z,11
Q3697606,,CF9D7D86-F99E-4E85-9921-60EBA0C057E2,56795,d3e5214f59a5c284c269af012d46b4cb3aac7528,c4c96c6a-d7c0-41ac-ac90-ad3252262126,2021-02-02T00:00:00Z,11
Q3698232,,0D26C733-C1DA-4A05-AB7E-CD6EEFFC15BC,58056,d3e5214f59a5c284c269af012d46b4cb3aac7528,104d6be5-9e84-4536-b021-94ca45f71043,2021-02-02T00:00:00Z,11
Q37084,,ABCA7D82-4624-4165-9574-FC3499B2D008,54592,d3e5214f59a5c284c269af012d46b4cb3aac7528,28bbb211-3e7b-4c07-b59a-7cd44c3fc1c1,2021-02-02T00:00:00Z,11
Q3713983,,D2D24FB7-3B30-4CE7-B6B8-C6D2A3DCAA9F,56817,d3e5214f59a5c284c269af012d46b4cb3aac7528,22510ced-3aad-4990-89f5-4ca34babd9da,2021-02-02T00:00:00Z,11
Q3726352,,F23AFBE6-E18D-4B6B-A4F2-D74BA2AB63A7,57328,d3e5214f59a5c284c269af012d46b4cb3aac7528,d7a1824d-bd79-4225-b9dd-9d13b41853e0,2021-02-02T00:00:00Z,11
Q3740793,,0EE775C6-624D-411F-BAB4-47E3BAC7CF3E,54936,d3e5214f59a5c284c269af012d46b4cb3aac7528,7afcbdb0-286f-4fd2-b1b3-c608595d9160,2021-02-02T00:00:00Z,11
Q37431374,,860F1990-0B57-4D02-9888-94D0798874BD,56577,d3e5214f59a5c284c269af012d46b4cb3aac7528,714f268d-b12e-414b-aa2f-959a01a2c6cc,2021-02-02T00:00:00Z,11
Q3798718,,28C88F65-2ED3-4C6A-8F97-A003F875EC4F,56140,d3e5214f59a5c284c269af012d46b4cb3aac7528,213d1809-b85e-4c24-87be-727e939799d9,2021-02-02T00:00:00Z,11
Q3826926,,E0A96CBD-F8E1-4348-A0A9-7F284CF0D012,55592,d3e5214f59a5c284c269af012d46b4cb3aac7528,26e7dc00-2bb6-4bd8-ad9a-bed8db62daa5,2021-02-02T00:00:00Z,11
Q3867348,,2291A5A8-00CD-4F4F-ACD7-59F66AB3D887,57646,d3e5214f59a5c284c269af012d46b4cb3aac7528,16d63139-00a4-458a-9e76-1ce0df357393,2021-02-02T00:00:00Z,11
Q3874247,,CB2ABCE3-1416-43F5-85C7-CADB16697049,56133,d3e5214f59a5c284c269af012d46b4cb3aac7528,3c29c3b9-a357-481f-bd0a-2d50984691fa,2021-02-02T00:00:00Z,11
Q3874376,,3AB5557D-D092-458C-9346-31D9F23A6CD0,56689,d3e5214f59a5c284c269af012d46b4cb3aac7528,704c76b0-b222-457b-b345-59546f2d917a,2021-02-02T00:00:00Z,11
Q3905873,,4C4FB6A9-E159-42BE-A17E-B5FC6EC8B044,50283,d3e5214f59a5c284c269af012d46b4cb3aac7528,e442a47b-c8f2-452d-8aa8-e686157f58a3,2021-02-02T00:00:00Z,11
Q3926028,,3BBEFFFE-90EF-4F56-AB5A-39410E4F974A,55412,d3e5214f59a5c284c269af012d46b4cb3aac7528,6587124b-62e4-4bb5-9d4f-4248d77954f2,2021-02-02T00:00:00Z,11
Q3935981,,9B52591D-9708-47B8-9F95-E4E6EA0EBFDB,55579,d3e5214f59a5c284c269af012d46b4cb3aac7528,4dac6df3-e8cc-4522-a40f-a85614d4a667,2021-02-02T00:00:00Z,11
Q3947114,,6AFF60D7-1985-4CE1-AAC2-E9FCE7E57645,55191,d3e5214f59a5c284c269af012d46b4cb3aac7528,fe0b5ba9-ad59-4b8a-8f07-121489f0f8e7,2021-02-02T00:00:00Z,11
Q3947115,,11AF608A-0591-48CD-9F6C-596715162B6C,54928,d3e5214f59a5c284c269af012d46b4cb3aac7528,ac2ff1a4-e607-4482-99c1-7d7162542ffc,2021-02-02T00:00:00Z,11
Q4047,,FAF81BF4-3BCB-472A-ACE0-7448E95A6229,57420,d3e5214f59a5c284c269af012d46b4cb3aac7528,d65b208d-dedf-43e9-9ae1-96e3c8f103a8,2021-02-02T00:00:00Z,11
Q4089579,,BAF620F3-9A6C-4608-8601-9FAC438D3425,56605,d3e5214f59a5c284c269af012d46b4cb3aac7528,bb624655-8651-4926-9310-95803d59234c,2021-02-02T00:00:00Z,11
Q41370,,743B5C89-3702-44EA-92D1-4FC06F36EA2B,57280,d3e5214f59a5c284c269af012d46b4cb3aac7528,d1ee88cd-7c33-447c-b534-f08c990bd75c,2021-02-02T00:00:00Z,11
Q4158223,,387A2301-0789-4CA6-98AB-C0DF0AB84BD5,55696,d3e5214f59a5c284c269af012d46b4cb3aac7528,bc16bd14-6b69-425f-b294-72a1fcfd25c3,2021-02-02T00:00:00Z,11
Q4199030,,E866136F-E37B-481F-8303-0258C4037EFA,56057,d3e5214f59a5c284c269af012d46b4cb3aac7528,ea1086a5-3f82-4019-8d53-9e97d2db8e4f,2021-02-02T00:00:00Z,11
Q422681,,35BB19AC-0D69-4A25-AD28-7498DE55BFBA,54267,d3e5214f59a5c284c269af012d46b4cb3aac7528,1bcdcc2c-b60e-4c97-8db7-8f9a38604242,2021-02-02T00:00:00Z,11
Q42878315,,4ACF5182-8490-4120-8D0C-249D49895145,55026,d3e5214f59a5c284c269af012d46b4cb3aac7528,bb96acca-dd50-454a-bce4-19f42c5d2d15,2021-02-02T00:00:00Z,11
Q430069,,BF8FF060-53BD-49AA-9466-5A4182FDA9D5,57347,d3e5214f59a5c284c269af012d46b4cb3aac7528,8656b48e-b52c-4ea1-9b04-c26cebbd45ec,2021-02-02T00:00:00Z,11
Q43247281,,383E36C3-19EA-4086-B02E-895391E34D20,55757,d3e5214f59a5c284c269af012d46b4cb3aac7528,412ecd12-90f0-4e0b-bf8c-21e978fa5b8e,2021-02-02T00:00:00Z,11
Q439856,,B145D873-0341-4DFD-BD26-16452B705284,55721,d3e5214f59a5c284c269af012d46b4cb3aac7528,1a69858c-dce9-495f-9f5d-46763b7bfe12,2021-02-02T00:00:00Z,11
Q4416778,,6B1C7391-F86F-4C85-8924-83DB767A47E5,57285,d3e5214f59a5c284c269af012d46b4cb3aac7528,a2ed003b-22ef-4f90-99e6-04c3cb897a4d,2021-02-02T00:00:00Z,11
Q4517307,,8EF438A0-CAFC-4ACD-B49B-13135A46CE53,55296,d3e5214f59a5c284c269af012d46b4cb3aac7528,c6517fc4-67de-4802-a654-fc34605de64d,2021-02-02T00:00:00Z,11
Q45585,,1EEBA201-C3EE-4E56-9A24-45E2CB1478BA,55396,d3e5214f59a5c284c269af012d46b4cb3aac7528,a4f93798-3236-4fb9-85d4-cbe3c4da59dc,2021-02-02T00:00:00Z,11
Q457575,,B9D5C77E-272E-4CE7-A1A2-BD5CFF2FCAF4,57412,d3e5214f59a5c284c269af012d46b4cb3aac7528,9ca76a7f-ce99-4144-8b47-622217e6fa10,2021-02-02T00:00:00Z,11
Q464863,,B5350306-7E08-4D1C-A054-EC494768EAC1,57411,d3e5214f59a5c284c269af012d46b4cb3aac7528,9fc16a61-6dce-465a-a770-8379f5df4827,2021-02-02T00:00:00Z,11
Q4669651,,A796129D-6FA0-410E-BCEA-5EC77EBA00A3,54362,d3e5214f59a5c284c269af012d46b4cb3aac7528,44c37503-b0f2-4cc2-b41a-e875f971afc3,2021-02-02T00:00:00Z,11
Q46940211,,620AA929-3A2F-4ED1-BCCD-5089EDD1EFB7,58070,d3e5214f59a5c284c269af012d46b4cb3aac7528,619c5865-ef9c-4e79-b54f-89b2604f01e8,2021-02-02T00:00:00Z,11
Q4797256,,04F00827-81E0-409F-89BC-B0392DB215AE,56107,d3e5214f59a5c284c269af012d46b4cb3aac7528,ed1fddf0-75cf-4a14-afce-c3899918d936,2021-02-02T00:00:00Z,11
Q49377,,360B27C2-194E-458D-8F9A-7EEA02F78F00,57436,d3e5214f59a5c284c269af012d46b4cb3aac7528,edefc65e-c60b-44cf-81bb-0a32718ec64d,2021-02-02T00:00:00Z,11
Q50598938,,1A41BA1B-3A46-49CE-9003-DC78551B4C6B,56865,d3e5214f59a5c284c269af012d46b4cb3aac7528,51b503cc-47d6-4423-bf91-7cc0a5e96029,2021-02-02T00:00:00Z,11
Q50884435,,39738BDF-81EC-4B12-ADD2-9CAB55D0A0D2,54807,d3e5214f59a5c284c269af012d46b4cb3aac7528,cf1a4c27-d4a9-4ac4-9c0a-2dedae2da525,2021-02-02T00:00:00Z,11
Q51078405,,4BAD7573-A2BD-466B-A1A9-4DEB0A38CE55,56842,d3e5214f59a5c284c269af012d46b4cb3aac7528,db32529e-a1eb-455e-a3b7-5bb8c1d60592,2021-02-02T00:00:00Z,11
Q55862581,,D726D3AF-29FE-4334-BB5C-37609C64AAE1,48997,d3e5214f59a5c284c269af012d46b4cb3aac7528,38db653d-49c7-494a-947e-d308f3480da2,2021-02-02T00:00:00Z,11
Q56043195,,4235CBE4-B4E5-4868-8CE9-A4C22A840910,56417,d3e5214f59a5c284c269af012d46b4cb3aac7528,86194827-9c6a-4152-aa08-bd0338a90270,2021-02-02T00:00:00Z,11
Q56146184,,9F3812EE-F69D-4313-AE67-32675E46D2BC,53076,d3e5214f59a5c284c269af012d46b4cb3aac7528,50876ddc-402d-47b4-a4ca-5257149bc0a9,2021-02-02T00:00:00Z,11
Q56377651,,EE192A93-1453-4463-B67F-B12A51BA081F,55116,d3e5214f59a5c284c269af012d46b4cb3aac7528,4c938938-bef8-4d1f-bb87-c017ea35b4c0,2021-02-02T00:00:00Z,11
Q5693444,,C1FAB69C-A73C-4BF1-B676-9CFDEDCDAC7B,56066,d3e5214f59a5c284c269af012d46b4cb3aac7528,469fef0e-19f5-44e7-a82b-d373aeb5f09a,2021-02-02T00:00:00Z,11
Q5785920,,29E2D8B4-7FE9-42A8-B8DB-98404D81A992,55661,d3e5214f59a5c284c269af012d46b4cb3aac7528,73ebfc27-36f6-4469-9e35-10421add5c79,2021-02-02T00:00:00Z,11
Q58555,,7A888E3A-5932-4FFF-A4B2-C13F7B6B1BF4,57368,d3e5214f59a5c284c269af012d46b4cb3aac7528,0ab1aef8-2039-49b4-aeb6-869908593e45,2021-02-02T00:00:00Z,11
Q5861873,,FB37A775-DEA8-4622-A4C9-DDBCCD884CB3,55377,d3e5214f59a5c284c269af012d46b4cb3aac7528,4ce15e79-54a3-43ec-b59d-179c9431f631,2021-02-02T00:00:00Z,11
Q5899057,,2620B5AC-AD8D-48ED-B832-03152E763A79,50275,d3e5214f59a5c284c269af012d46b4cb3aac7528,42b7d7f1-b14f-4c49-bec4-c89a9ea5c02a,2021-02-02T00:00:00Z,11
Q59355339,,F8FC1A58-3C31-4D77-8F72-A0750AB55746,56207,d3e5214f59a5c284c269af012d46b4cb3aac7528,62fce78c-d002-426a-909d-0ae3c074fe92,2021-02-02T00:00:00Z,11
Q59490546,,E2120BDD-C2F8-4E47-BA14-7264D5C93384,57269,d3e5214f59a5c284c269af012d46b4cb3aac7528,f772a46d-6c0f-406a-bcd7-bfb26409bef3,2021-02-02T00:00:00Z,11
Q5967516,,3C4F1ED2-882F-415C-97F2-1FE94F1A126E,56131,d3e5214f59a5c284c269af012d46b4cb3aac7528,9bea630e-88fe-4b31-bab2-d531afc5ef72,2021-02-02T00:00:00Z,11
Q59684856,,B1D41630-ECB6-4702-9511-F95AB07D1B6E,57286,d3e5214f59a5c284c269af012d46b4cb3aac7528,9fefa0da-77fc-494e-99cf-e6a5be0f82ae,2021-02-02T00:00:00Z,11
Q603751,,4CDE8F28-F27A-46EA-9821-E087D730E552,56768,d3e5214f59a5c284c269af012d46b4cb3aac7528,526bb177-d618-4a87-a4bd-fca7450ffffc,2021-02-02T00:00:00Z,11
Q60474419,,791CA2CC-AE07-4981-A216-39134BA18614,55554,d3e5214f59a5c284c269af012d46b4cb3aac7528,e7b1d77b-ce13-477d-8cf4-42e41df12383,2021-02-02T00:00:00Z,11
Q60740308,,DF0527A7-D9D2-43D5-97D4-87CC9A22243C,57233,d3e5214f59a5c284c269af012d46b4cb3aac7528,c132ebe4-3231-478f-8107-f5303edd3c6f,2021-02-02T00:00:00Z,11
Q607715,,62C6F77E-2E34-4D8C-B1D9-6F33712BC9BA,57425,d3e5214f59a5c284c269af012d46b4cb3aac7528,79b9decc-c275-4cf9-b79f-1114a2a6fce7,2021-02-02T00:00:00Z,11
Q60820013,,52185707-F5A2-4851-8290-02EE0707222F,58323,d3e5214f59a5c284c269af012d46b4cb3aac7528,d9ccb5bc-732f-455f-8ae5-9aa1e140e0db,2021-02-02T00:00:00Z,11
Q61852231,,F03592E9-04A6-4D30-9306-1024473DB71B,54971,d3e5214f59a5c284c269af012d46b4cb3aac7528,fa3953b8-7b55-40c8-87ce-3bcfce417acd,2021-02-02T00:00:00Z,11
Q61890442,,B4F107B2-525A-4FE2-8BC5-E2679FF2051D,57540,d3e5214f59a5c284c269af012d46b4cb3aac7528,6c685269-2fb7-476d-8dca-6928bba5c090,2021-02-02T00:00:00Z,11
Q62015666,,402C2948-016E-4A4A-B621-ED345DE7DD0F,55994,d3e5214f59a5c284c269af012d46b4cb3aac7528,3fb504db-e253-4ac2-b469-50f75f19d9b9,2021-02-02T00:00:00Z,11
Q623692,,FC1B39E4-E08B-4774-BAB9-51D38DA935B0,54414,d3e5214f59a5c284c269af012d46b4cb3aac7528,d2f8ed6f-6067-4371-9d53-2665833f17dc,2021-02-02T00:00:00Z,11
Q6254238,,82D1642E-C01B-436B-A409-C1CF1BCF819B,55547,d3e5214f59a5c284c269af012d46b4cb3aac7528,61e0cab0-bd7a-4cad-ae82-727aed75bcec,2021-02-02T00:00:00Z,11
Q6306155,,263BB1E7-55AD-4BF8-A1CD-504D11498FC0,55931,d3e5214f59a5c284c269af012d46b4cb3aac7528,944e0e48-08d3-4224-a9b9-1569adbeeb14,2021-02-02T00:00:00Z,11
Q63360938,,51A1E4C4-851B-49E1-8C46-53BF43CFA052,58366,d3e5214f59a5c284c269af012d46b4cb3aac7528,3014de43-d0b8-4312-a1c0-887c5bb01be7,2021-02-02T00:00:00Z,11
Q63404740,,235E7B71-36A8-4762-B5ED-2046B06AB5A3,56092,d3e5214f59a5c284c269af012d46b4cb3aac7528,ade63bc6-2e05-426d-8198-b9c77c572359,2021-02-02T00:00:00Z,11
Q63438221,,3D4DC352-D96E-4E45-B856-44150725D5D4,54821,d3e5214f59a5c284c269af012d46b4cb3aac7528,283d5828-a71c-4a4e-8ac5-e8f5f5731a75,2021-02-02T00:00:00Z,11
Q642023,,9D0968AB-0EE7-4753-B532-F4393A8F957B,55487,d3e5214f59a5c284c269af012d46b4cb3aac7528,23b760c1-ebbc-4055-9acb-5cbbcfd06c58,2021-02-02T00:00:00Z,11
Q6431805,,C805F80F-BE49-4E6E-9354-7ECA2E51A8D5,57773,d3e5214f59a5c284c269af012d46b4cb3aac7528,9902e510-bc58-4f7e-bad7-1ad92c39f501,2021-02-02T00:00:00Z,11
Q65128903,,41376E09-2406-4099-AF67-5756992E0F1F,58318,d3e5214f59a5c284c269af012d46b4cb3aac7528,2861f20d-db3b-46ae-9db1-3b2858f3c81e,2021-02-02T00:00:00Z,11
Q6533524,,AF90E560-8E5D-4992-82E0-1D5868A77941,57433,d3e5214f59a5c284c269af012d46b4cb3aac7528,497aa741-285b-4bae-8a93-cf39753795f1,2021-02-02T00:00:00Z,11
Q65645691,,D2E7E017-E1EC-458D-B221-2F77DCC901A9,54747,d3e5214f59a5c284c269af012d46b4cb3aac7528,7d0c9efd-d962-44b9-948d-827eac656731,2021-02-02T00:00:00Z,11
Q6779398,,66AC9ECA-C803-48D4-B0E5-7F587A694F42,57882,d3e5214f59a5c284c269af012d46b4cb3aac7528,1030e0a2-de85-44f5-af8e-fd978c22825d,2021-02-02T00:00:00Z,11
Q6780231,,4EF38976-6923-4007-8401-5A4390B9F559,55422,d3e5214f59a5c284c269af012d46b4cb3aac7528,72449a69-5e94-4874-8961-c84d7f2c57e8,2021-02-02T00:00:00Z,11
Q6807011,,8975CC33-EC57-4355-B694-9C716ABF920C,50260,d3e5214f59a5c284c269af012d46b4cb3aac7528,d53a58bf-157b-4c0b-903a-554659c3f760,2021-02-02T00:00:00Z,11
Q68871611,,019C8D86-0457-4489-89AF-4F885D129B1D,56008,d3e5214f59a5c284c269af012d46b4cb3aac7528,69aff45a-b4a7-4850-b217-a8625b6e27b5,2021-02-02T00:00:00Z,11
Q69495819,,840E7211-EF58-4C3A-B22A-0379F9AD4929,55039,d3e5214f59a5c284c269af012d46b4cb3aac7528,7d38c684-eee7-42a1-8fbf-8e2a18fa1143,2021-02-02T00:00:00Z,11
Q70239131,,514FBE6A-8CF9-485C-B829-FF8B45A8E239,57836,d3e5214f59a5c284c269af012d46b4cb3aac7528,0f1483fb-f966-4942-b5f0-798f38c9aa85,2021-02-02T00:00:00Z,11
Q709209,,51F8A709-4246-4AF3-BDFA-FACDC5081A0B,55642,d3e5214f59a5c284c269af012d46b4cb3aac7528,72646ce5-90f3-4d76-b2ce-d7b3635dc83d,2021-02-02T00:00:00Z,11
Q724893,,37BE89F3-B678-4353-9B5C-5BAAC130AE73,54272,d3e5214f59a5c284c269af012d46b4cb3aac7528,0acd55a5-b52b-4009-9323-379922cbcbc4,2021-02-02T00:00:00Z,11
Q72544122,,3F44EAF7-E2EA-42AE-A909-8B322308403D,57971,d3e5214f59a5c284c269af012d46b4cb3aac7528,75df5b86-b4c7-4960-8ff9-3e4d548ee626,2021-02-02T00:00:00Z,11
Q740212,,413AAB44-2460-4219-9DC1-C016DEF975AA,55695,d3e5214f59a5c284c269af012d46b4cb3aac7528,a9f7db71-1658-48fd-b958-592475639668,2021-02-02T00:00:00Z,11
Q7561125,,70D4F0FB-8E99-41C4-AFD1-98178C8CC9F1,56672,d3e5214f59a5c284c269af012d46b4cb3aac7528,b50aa526-cc88-4c21-b417-c196765ca756,2021-02-02T00:00:00Z,11
Q7721749,,A8B7ECFE-0B00-481D-ADF1-8806654D132F,56827,d3e5214f59a5c284c269af012d46b4cb3aac7528,adbcaba8-90db-40e8-9114-9eb2817c390f,2021-02-02T00:00:00Z,11
Q776175,,6BDD854E-1CCE-4B0B-B29D-09F2DB384F41,55749,d3e5214f59a5c284c269af012d46b4cb3aac7528,5fd6582b-ccef-4c29-9ff9-6255c873a27c,2021-02-02T00:00:00Z,11
Q78076035,,6CFFB6E5-48FA-4C6E-9410-93267DC3B2FE,57195,d3e5214f59a5c284c269af012d46b4cb3aac7528,8e738d61-7f6e-46b8-bd55-e40fd15553d5,2021-02-02T00:00:00Z,11
Q7809947,,6B8B0AF9-0E31-4393-A895-7457274DA6C6,55175,d3e5214f59a5c284c269af012d46b4cb3aac7528,a24878b3-5e8e-48dd-8297-2691e8e0a365,2021-02-02T00:00:00Z,11
Q783215,,0CE6839B-0FB0-4248-BCC2-1337748A539C,56715,d3e5214f59a5c284c269af012d46b4cb3aac7528,c1bdccec-7bad-4aef-bdd9-f89e6b0f50c6,2021-02-02T00:00:00Z,11
Q80083,,BF8A69A5-F205-4EC6-A40D-CD05E17BF050,55539,d3e5214f59a5c284c269af012d46b4cb3aac7528,4a88869b-6a10-4950-b19c-43f8974a30fd,2021-02-02T00:00:00Z,11
Q8049268,,7C4871B4-DCB5-4750-9F59-20258E19EC1F,55388,d3e5214f59a5c284c269af012d46b4cb3aac7528,d761c6be-7e76-4baa-85dd-dfe5b4b898ac,2021-02-02T00:00:00Z,11
Q80974590,,F75D9773-2BB4-4ABE-A9D0-EF4EAE24D6C7,54219,d3e5214f59a5c284c269af012d46b4cb3aac7528,f6055141-4235-407d-8419-367664caa43b,2021-02-02T00:00:00Z,11
Q82119559,,6E2AA191-E484-4898-9AF0-5B8E277ED7DF,56936,d3e5214f59a5c284c269af012d46b4cb3aac7528,270c867b-6875-4149-9fa9-98038c633c0d,2021-02-02T00:00:00Z,11
Q84422877,,61AE68B3-E5DE-4C66-B0C9-4A0AF3B0E092,54766,d3e5214f59a5c284c269af012d46b4cb3aac7528,80bc7031-cd77-4535-beae-374fd3c2d4c6,2021-02-02T00:00:00Z,11
Q84729373,,C05C4ED0-8447-409E-AA80-B0CE1C748956,50194,d3e5214f59a5c284c269af012d46b4cb3aac7528,c15c3d8c-10a2-495c-beb6-c98464b4e35c,2021-02-02T00:00:00Z,11
Q8874171,,1F334225-2E0C-49A0-89D6-A47A54B21713,55200,d3e5214f59a5c284c269af012d46b4cb3aac7528,8516b58a-8744-4acb-b02a-9d0e8f04aa5c,2021-02-02T00:00:00Z,11
Q91018238,,6157FF74-9C53-4AED-9248-E907CD390945,55626,d3e5214f59a5c284c269af012d46b4cb3aac7528,76c924f6-343f-4212-a169-a355126f16c4,2021-02-02T00:00:00Z,11
Q9191516,,5397B290-631F-4ECC-B1F2-3729381F5418,56641,d3e5214f59a5c284c269af012d46b4cb3aac7528,f2f66d01-aabf-45bb-a5e0-7d3d0a995388,2021-02-02T00:00:00Z,11
Q9191539,,86C472B7-7C4B-44B8-8A60-DF43FA0BA621,49259,d3e5214f59a5c284c269af012d46b4cb3aac7528,2175b76b-7f8c-4bc9-8e31-b4e5b4ccbe6a,2021-02-02T00:00:00Z,11
Q927207,,476A279B-050F-47C2-8E32-6ABA94D84B0C,55010,d3e5214f59a5c284c269af012d46b4cb3aac7528,55c1d772-e9c4-4a24-898d-f516d133d66a,2021-02-02T00:00:00Z,11
Q976765,,AE10DC28-0EA5-4FB9-9FA5-7B05176D2CC0,57263,d3e5214f59a5c284c269af012d46b4cb3aac7528,129991f0-1a67-4ff4-9b6d-99480fef2185,2021-02-02T00:00:00Z,11
Q97732594,,1A06A020-50FF-4E41-9205-0EC857CF61B0,57071,d3e5214f59a5c284c269af012d46b4cb3aac7528,522687ea-ae3d-47d2-ae88-5711754b3f15,2021-02-02T00:00:00Z,11
Q98418769,,BD871CB4-0EB3-4143-908A-12715DFEBDA7,56507,d3e5214f59a5c284c269af012d46b4cb3aac7528,8f4762b7-123d-4905-8f13-666a648f6f63,2021-02-02T00:00:00Z,11
Q98549607,,79130668-6FAE-42F9-A1CC-401450594E8C,57620,d3e5214f59a5c284c269af012d46b4cb3aac7528,369a8af3-bcbe-4cf2-9638-46702e20d2cf,2021-02-02T00:00:00Z,11
Q99762480,,DE6011FD-4353-481D-83DF-E25C8FD01129,55192,d3e5214f59a5c284c269af012d46b4cb3aac7528,42e3e441-71be-4ed7-95dc-af5e809fe61a,2021-02-02T00:00:00Z,11
Q101568205,,,48059,,,2021-09-12,
Q103058889,,,48044,,,2021-09-12,
Q104836934,,,56998,,,2021-09-12,
Q104882881,,,58087,,,2021-09-12,
Q105103891,,,54233,,,2021-09-12,
Q105299348,,,54806,,,2021-09-12,
Q105658837,,,55585,,,2021-09-12,
Q107572682,,,58050,,,2021-09-12,
Q108266499,,,56079,,,2021-09-12,
Q1088919,,,46519,,,2021-09-12,
Q1103709,,,56957,,,2021-09-12,
Q1106441,,,54506,,,2021-09-12,
Q1115595,,,46132,,,2021-09-12,
Q1134250,,,54234,,,2021-09-12,
Q11708247,,,58615,,,2021-09-12,
Q11821612,,,56228,,,2021-09-12,
Q11848833,,,57552,,,2021-09-12,
Q11873095,,,58111,,,2021-09-12,
Q11931777,,,49263,,,2021-09-12,
Q1227679,,,58437,,,2021-09-12,
Q1252102,,,46213,,,2021-09-12,
Q1256661,,,58475,,,2021-09-12,
Q1258821,,,56648,,,2021-09-12,
Q1258821,,,56649,,,2021-09-12,
Q128267,,,46626,,,2021-09-12,
Q1285598,,,55587,,,2021-09-12,
Q1306994,,,57425,,,2021-09-12,
Q131737,,,47454,,,2021-09-12,
Q13571392,,,46766,,,2021-09-12,
Q1365170,,,57399,,,2021-09-12,
Q1374017,,,58317,,,2021-09-12,
Q1398856,,,49939,,,2021-09-12,
Q15877625,,,55760,,,2021-09-12,
Q160289,,,58177,,,2021-09-12,
Q16152096,,,58710,,,2021-09-12,
Q163420,,,58752,,,2021-09-12,
Q16591903,,,54414,,,2021-09-12,
Q16621351,,,48056,,,2021-09-12,
Q16621933,,,58684,,,2021-09-12,
Q16699900,,,48996,,,2021-09-12,
Q16978190,,,49589,,,2021-09-12,
Q17026086,,,57192,,,2021-09-12,
Q1720631,,,46732,,,2021-09-12,
Q17276215,,,58373,,,2021-09-12,
Q17320929,,,58680,,,2021-09-12,
Q17322527,,,56188,,,2021-09-12,
Q17338163,,,58675,,,2021-09-12,
Q17354853,,,46674,,,2021-09-12,
Q17491105,,,54931,,,2021-09-12,
Q17492223,,,58137,,,2021-09-12,
Q17492845,,,58175,,,2021-09-12,
Q17494570,,,48074,,,2021-09-12,
Q1764395,,,58468,,,2021-09-12,
Q17993203,,,48060,,,2021-09-12,
Q181620,,,55807,,,2021-09-12,
Q18191540,,,55139,,,2021-09-12,
Q18338511,,,55638,,,2021-09-12,
Q184030,,,46447,,,2021-09-12,
Q18565829,,,46984,,,2021-09-12,
Q18572448,,,55580,,,2021-09-12,
Q18573859,,,58127,,,2021-09-12,
Q18574395,,,56814,,,2021-09-12,
Q18588766,,,57986,,,2021-09-12,
Q18600222,,,57747,,,2021-09-12,
Q18600956,,,56784,,,2021-09-12,
Q18600958,,,47445,,,2021-09-12,
Q18602467,,,56032,,,2021-09-12,
Q186529,,,58435,,,2021-09-12,
Q18686218,,,54717,,,2021-09-12,
Q18688920,,,56387,,,2021-09-12,
Q18689321,,,58382,,,2021-09-12,
Q1878666,,,58436,,,2021-09-12,
Q18889383,,,57311,,,2021-09-12,
Q18890834,,,58415,,,2021-09-12,
Q19318902,,,56510,,,2021-09-12,
Q1938388,,,58046,,,2021-09-12,
Q1938388,,,56863,,,2021-09-12,
Q1952284,,,49612,,,2021-09-12,
Q19681574,,,46700,,,2021-09-12,
Q19820262,,,46720,,,2021-09-12,
Q19820319,,,46228,,,2021-09-12,
Q1984131,,,58740,,,2021-09-12,
Q19857229,,,49619,,,2021-09-12,
Q19858239,,,54303,,,2021-09-12,
Q19858240,,,54302,,,2021-09-12,
Q19858246,,,56290,,,2021-09-12,
Q19858247,,,56456,,,2021-09-12,
Q19858258,,,56774,,,2021-09-12,
Q19858260,,,56180,,,2021-09-12,
Q19858261,,,56832,,,2021-09-12,
Q19858271,,,56960,,,2021-09-12,
Q19858274,,,54791,,,2021-09-12,
Q19858275,,,57938,,,2021-09-12,
Q19858277,,,56223,,,2021-09-12,
Q19858281,,,57954,,,2021-09-12,
Q19858284,,,57958,,,2021-09-12,
Q19858287,,,56153,,,2021-09-12,
Q19858289,,,55004,,,2021-09-12,
Q19858298,,,58080,,,2021-09-12,
Q19858312,,,57994,,,2021-09-12,
Q19858315,,,56647,,,2021-09-12,
Q19858323,,,55003,,,2021-09-12,
Q19858324,,,58143,,,2021-09-12,
Q19858342,,,57053,,,2021-09-12,
Q19858344,,,57226,,,2021-09-12,
Q19858670,,,56263,,,2021-09-12,
Q19858673,,,55366,,,2021-09-12,
Q19858677,,,58153,,,2021-09-12,
Q19858678,,,56111,,,2021-09-12,
Q19858679,,,56190,,,2021-09-12,
Q19858687,,,56176,,,2021-09-12,
Q19858690,,,57960,,,2021-09-12,
Q19858712,,,56514,,,2021-09-12,
Q19858722,,,55165,,,2021-09-12,
Q19858723,,,57306,,,2021-09-12,
Q19858725,,,54832,,,2021-09-12,
Q19858741,,,55287,,,2021-09-12,
Q19858745,,,55996,,,2021-09-12,
Q19858748,,,56665,,,2021-09-12,
Q19858750,,,56847,,,2021-09-12,
Q19859035,,,56884,,,2021-09-12,
Q19883011,,,58767,,,2021-09-12,
Q19896698,,,54929,,,2021-09-12,
Q19897672,,,46267,,,2021-09-12,
Q19900722,,,56042,,,2021-09-12,
Q19904843,,,49579,,,2021-09-12,
Q19905274,,,46702,,,2021-09-12,
Q19905341,,,46206,,,2021-09-12,
Q19911432,,,58753,,,2021-09-12,
Q19911493,,,58397,,,2021-09-12,
Q19911871,,,54715,,,2021-09-12,
Q19925284,,,58744,,,2021-09-12,
Q19926286,,,46641,,,2021-09-12,
Q19928329,,,56934,,,2021-09-12,
Q1993082,,,56974,,,2021-09-12,
Q199496,,,46635,,,2021-09-12,
Q19962523,,,58741,,,2021-09-12,
Q19966573,,,46214,,,2021-09-12,
Q20009111,,,57678,,,2021-09-12,
Q20017973,,,57774,,,2021-09-12,
Q20020128,,,54214,,,2021-09-12,
Q20029842,,,46586,,,2021-09-12,
Q20054742,,,55737,,,2021-09-12,
Q20169706,,,58179,,,2021-09-12,
Q20172905,,,48988,,,2021-09-12,
Q20173919,,,46986,,,2021-09-12,
Q20174181,,,47456,,,2021-09-12,
Q20177562,,,49595,,,2021-09-12,
Q20178568,,,57057,,,2021-09-12,
Q20179805,,,56799,,,2021-09-12,
Q20180001,,,57924,,,2021-09-12,
Q20180589,,,55611,,,2021-09-12,
Q20181991,,,55904,,,2021-09-12,
Q20182487,,,56125,,,2021-09-12,
Q20188656,,,58718,,,2021-09-12,
Q20188721,,,46410,,,2021-09-12,
Q20188857,,,46693,,,2021-09-12,
Q20195412,,,54940,,,2021-09-12,
Q20199436,,,55529,,,2021-09-12,
Q20202585,,,54941,,,2021-09-12,
Q20202708,,,58678,,,2021-09-12,
Q20266948,,,58701,,,2021-09-12,
Q20267699,,,56185,,,2021-09-12,
Q20268243,,,49583,,,2021-09-12,
Q20354600,,,55576,,,2021-09-12,
Q20354732,,,58439,,,2021-09-12,
Q20354793,,,50928,,,2021-09-12,
Q20392215,,,58739,,,2021-09-12,
Q20442379,,,55476,,,2021-09-12,
Q20490987,,,57002,,,2021-09-12,
Q20538849,,,50280,,,2021-09-12,
Q20538945,,,50495,,,2021-09-12,
Q20539095,,,50943,,,2021-09-12,
Q20539241,,,56099,,,2021-09-12,
Q20539565,,,50336,,,2021-09-12,
Q20539589,,,50340,,,2021-09-12,
Q20539952,,,50274,,,2021-09-12,
Q20540285,,,50262,,,2021-09-12,
Q20540483,,,50326,,,2021-09-12,
Q20540504,,,50307,,,2021-09-12,
Q20540626,,,50329,,,2021-09-12,
Q20548340,,,58085,,,2021-09-12,
Q20548448,,,50269,,,2021-09-12,
Q20550030,,,50316,,,2021-09-12,
Q20550347,,,51105,,,2021-09-12,
Q20551903,,,50530,,,2021-09-12,
Q20555862,,,51087,,,2021-09-12,
Q20556480,,,50334,,,2021-09-12,
Q20556544,,,51136,,,2021-09-12,
Q20556672,,,50932,,,2021-09-12,
Q20560212,,,50251,,,2021-09-12,
Q20564140,,,50929,,,2021-09-12,
Q20564598,,,50305,,,2021-09-12,
Q20565644,,,50338,,,2021-09-12,
Q20567477,,,50941,,,2021-09-12,
Q20634532,,,50271,,,2021-09-12,
Q20634641,,,50259,,,2021-09-12,
Q20635271,,,51101,,,2021-09-12,
Q20643496,,,57913,,,2021-09-12,
Q2067212,,,47415,,,2021-09-12,
Q20776356,,,50344,,,2021-09-12,
Q20776421,,,51091,,,2021-09-12,
Q20789241,,,58109,,,2021-09-12,
Q20789850,,,58088,,,2021-09-12,
Q20808487,,,55960,,,2021-09-12,
Q20810214,,,46983,,,2021-09-12,
Q20812907,,,54263,,,2021-09-12,
Q20881591,,,56372,,,2021-09-12,
Q20886638,,,58457,,,2021-09-12,
Q21074334,,,55115,,,2021-09-12,
Q21082207,,,46661,,,2021-09-12,
Q211246,,,55279,,,2021-09-12,
Q21426047,,,56389,,,2021-09-12,
Q21513953,,,55536,,,2021-09-12,
Q21554921,,,58142,,,2021-09-12,
Q21595671,,,46265,,,2021-09-12,
Q21617800,,,55839,,,2021-09-12,
Q21618758,,,57333,,,2021-09-12,
Q21723005,,,58129,,,2021-09-12,
Q21807895,,,57948,,,2021-09-12,
Q21965811,,,55010,,,2021-09-12,
Q21993237,,,57964,,,2021-09-12,
Q22117629,,,46705,,,2021-09-12,
Q22205297,,,58464,,,2021-09-12,
Q22235777,,,57923,,,2021-09-12,
Q22250338,,,46322,,,2021-09-12,
Q22250339,,,58754,,,2021-09-12,
Q22250340,,,46307,,,2021-09-12,
Q223385,,,58826,,,2021-09-12,
Q22675382,,,57303,,,2021-09-12,
Q22759025,,,58624,,,2021-09-12,
Q22912333,,,57169,,,2021-09-12,
Q23008331,,,58377,,,2021-09-12,
Q2344437,,,54165,,,2021-09-12,
Q23699208,,,58374,,,2021-09-12,
Q23758352,,,56900,,,2021-09-12,
Q23762992,,,55525,,,2021-09-12,
Q2378567,,,47865,,,2021-09-12,
Q2381716,,,46238,,,2021-09-12,
Q23929302,,,58147,,,2021-09-12,
Q23929472,,,56652,,,2021-09-12,
Q23936093,,,57307,,,2021-09-12,
Q23947300,,,58467,,,2021-09-12,
Q2405395,,,46220,,,2021-09-12,
Q241156,,,56580,,,2021-09-12,
Q2480921,,,48736,,,2021-09-12,
Q24939394,,,58427,,,2021-09-12,
Q25152561,,,55848,,,2021-09-12,
Q25415445,,,54470,,,2021-09-12,
Q2542197,,,46275,,,2021-09-12,
Q255266,,,58169,,,2021-09-12,
Q2558835,,,48725,,,2021-09-12,
Q25932048,,,55786,,,2021-09-12,
Q2596433,,,57992,,,2021-09-12,
Q2620028,,,55925,,,2021-09-12,
Q26221259,,,58738,,,2021-09-12,
Q26256901,,,46151,,,2021-09-12,
Q26296468,,,58713,,,2021-09-12,
Q26514337,,,46727,,,2021-09-12,
Q26516196,,,58604,,,2021-09-12,
Q26525401,,,58369,,,2021-09-12,
Q2666439,,,57022,,,2021-09-12,
Q26678233,,,58334,,,2021-09-12,
Q26693115,,,55241,,,2021-09-12,
Q26693203,,,55968,,,2021-09-12,
Q26706454,,,49172,,,2021-09-12,
Q26713449,,,58376,,,2021-09-12,
Q2680589,,,48050,,,2021-09-12,
Q26921370,,,58686,,,2021-09-12,
Q271377,,,54510,,,2021-09-12,
Q2715302,,,58445,,,2021-09-12,
Q2715353,,,46216,,,2021-09-12,
Q27697219,,,47430,,,2021-09-12,
Q27698554,,,56191,,,2021-09-12,
Q277372,,,56948,,,2021-09-12,
Q27751206,,,58714,,,2021-09-12,
Q27897400,,,57254,,,2021-09-12,
Q27957610,,,58664,,,2021-09-12,
Q27964274,,,51130,,,2021-09-12,
Q27968053,,,46514,,,2021-09-12,
Q27971314,,,56302,,,2021-09-12,
Q27975053,,,58410,,,2021-09-12,
Q27979344,,,57314,,,2021-09-12,
Q27982842,,,58677,,,2021-09-12,
Q27990845,,,56901,,,2021-09-12,
Q28001703,,,58748,,,2021-09-12,
Q28020025,,,58165,,,2021-09-12,
Q28026289,,,58471,,,2021-09-12,
Q28039360,,,56138,,,2021-09-12,
Q28113750,,,58315,,,2021-09-12,
Q28146808,,,54480,,,2021-09-12,
Q28146915,,,58603,,,2021-09-12,
Q282220,,,48067,,,2021-09-12,
Q2851765,,,47835,,,2021-09-12,
Q28532786,,,55990,,,2021-09-12,
Q28541587,,,56840,,,2021-09-12,
Q28554004,,,54299,,,2021-09-12,
Q2866382,,,58700,,,2021-09-12,
Q28680925,,,56327,,,2021-09-12,
Q28740109,,,49613,,,2021-09-12,
Q28781995,,,56719,,,2021-09-12,
Q28795868,,,46721,,,2021-09-12,
Q28796609,,,50211,,,2021-09-12,
Q28796678,,,50212,,,2021-09-12,
Q28797650,,,57364,,,2021-09-12,
Q28803633,,,58760,,,2021-09-12,
Q29169570,,,56958,,,2021-09-12,
Q29172547,,,49605,,,2021-09-12,
Q29192681,,,46291,,,2021-09-12,
Q29218887,,,55907,,,2021-09-12,
Q29273401,,,58829,,,2021-09-12,
Q29473934,,,46308,,,2021-09-12,
Q29480576,,,57236,,,2021-09-12,
Q29648866,,,46726,,,2021-09-12,
Q29656654,,,54981,,,2021-09-12,
Q29788849,,,54227,,,2021-09-12,
Q29857714,,,48069,,,2021-09-12,
Q29871341,,,49592,,,2021-09-12,
Q29871343,,,49594,,,2021-09-12,
Q29898367,,,46231,,,2021-09-12,
Q29951997,,,46234,,,2021-09-12,
Q30056027,,,47423,,,2021-09-12,
Q30063649,,,47428,,,2021-09-12,
Q30067735,,,47427,,,2021-09-12,
Q30074348,,,48076,,,2021-09-12,
Q30093053,,,58160,,,2021-09-12,
Q3009677,,,49132,,,2021-09-12,
Q30142595,,,47425,,,2021-09-12,
Q30594,,,46638,,,2021-09-12,
Q30703632,,,58660,,,2021-09-12,
Q309736,,,47842,,,2021-09-12,
Q3110269,,,58381,,,2021-09-12,
Q31273136,,,48994,,,2021-09-12,
Q313183,,,55342,,,2021-09-12,
Q3148548,,,47895,,,2021-09-12,
Q3172259,,,56674,,,2021-09-12,
Q3201473,,,56355,,,2021-09-12,
Q320199,,,58666,,,2021-09-12,
Q3210250,,,46763,,,2021-09-12,
Q3210253,,,46759,,,2021-09-12,
Q3223807,,,47755,,,2021-09-12,
Q3235597,,,46131,,,2021-09-12,
Q33132532,,,58174,,,2021-09-12,
Q33154335,,,50178,,,2021-09-12,
Q3463890,,,49137,,,2021-09-12,
Q3500414,,,49141,,,2021-09-12,
Q355903,,,58662,,,2021-09-12,
Q3605551,,,49130,,,2021-09-12,
Q3605557,,,47758,,,2021-09-12,
Q3618178,,,46492,,,2021-09-12,
Q3618190,,,47761,,,2021-09-12,
Q3624153,,,58363,,,2021-09-12,
Q3663192,,,49950,,,2021-09-12,
Q3663206,,,49944,,,2021-09-12,
Q3685114,,,47859,,,2021-09-12,
Q3685122,,,46305,,,2021-09-12,
Q3697604,,,46982,,,2021-09-12,
Q3698197,,,58356,,,2021-09-12,
Q37084,,,54592,,,2021-09-12,
Q3710016,,,55997,,,2021-09-12,
Q372381,,,49616,,,2021-09-12,
Q3764872,,,57632,,,2021-09-12,
Q3769182,,,46153,,,2021-09-12,
Q379691,,,47776,,,2021-09-12,
Q3796944,,,47461,,,2021-09-12,
Q3825037,,,48065,,,2021-09-12,
Q3826994,,,58399,,,2021-09-12,
Q3828008,,,58691,,,2021-09-12,
Q3829104,,,48073,,,2021-09-12,
Q3842479,,,49603,,,2021-09-12,
Q3842501,,,46136,,,2021-09-12,
Q3842542,,,47898,,,2021-09-12,
Q3843027,,,47002,,,2021-09-12,
Q3847405,,,58390,,,2021-09-12,
Q386453,,,49608,,,2021-09-12,
Q3873252,,,55804,,,2021-09-12,
Q3877895,,,58392,,,2021-09-12,
Q3887821,,,55523,,,2021-09-12,
Q3904414,,,58407,,,2021-09-12,
Q3907503,,,46751,,,2021-09-12,
Q3910081,,,54942,,,2021-09-12,
Q3910904,,,47683,,,2021-09-12,
Q3921662,,,55491,,,2021-09-12,
Q3937194,,,57320,,,2021-09-12,
Q3937289,,,49139,,,2021-09-12,
Q3944648,,,54825,,,2021-09-12,
Q3945928,,,46138,,,2021-09-12,
Q3947822,,,58155,,,2021-09-12,
Q3948606,,,46156,,,2021-09-12,
Q3997714,,,47774,,,2021-09-12,
Q4004623,,,49439,,,2021-09-12,
Q4014807,,,58365,,,2021-09-12,
Q4015930,,,49261,,,2021-09-12,
Q4068319,,,55642,,,2021-09-12,
Q4224666,,,58618,,,2021-09-12,
Q42421213,,,58081,,,2021-09-12,
Q42877261,,,58077,,,2021-09-12,
Q4317577,,,58734,,,2021-09-12,
Q43675,,,46630,,,2021-09-12,
Q4411577,,,46512,,,2021-09-12,
Q44265,,,47775,,,2021-09-12,
Q45410357,,,56601,,,2021-09-12,
Q45837417,,,51123,,,2021-09-12,
Q46715773,,,57440,,,2021-09-12,
Q46925714,,,51139,,,2021-09-12,
Q4693305,,,47446,,,2021-09-12,
Q46941334,,,56775,,,2021-09-12,
Q478195,,,47767,,,2021-09-12,
Q4785573,,,54446,,,2021-09-12,
Q481243,,,54930,,,2021-09-12,
Q490312,,,49580,,,2021-09-12,
Q50113014,,,47453,,,2021-09-12,
Q50331540,,,58167,,,2021-09-12,
Q50829079,,,46631,,,2021-09-12,
Q50913178,,,58375,,,2021-09-12,
Q50985279,,,46672,,,2021-09-12,
Q516990,,,46140,,,2021-09-12,
Q5189805,,,58622,,,2021-09-12,
Q52086939,,,58455,,,2021-09-12,
Q52228237,,,55553,,,2021-09-12,
Q534108,,,46155,,,2021-09-12,
Q537640,,,58414,,,2021-09-12,
Q5464245,,,47458,,,2021-09-12,
Q5477503,,,49631,,,2021-09-12,
Q54811281,,,58398,,,2021-09-12,
Q5526647,,,58641,,,2021-09-12,
Q55383660,,,58048,,,2021-09-12,
Q55422682,,,57030,,,2021-09-12,
Q554947,,,54454,,,2021-09-12,
Q55646923,,,46695,,,2021-09-12,
Q55815361,,,58459,,,2021-09-12,
Q55854897,,,46262,,,2021-09-12,
Q56323804,,,46988,,,2021-09-12,
Q5724055,,,48064,,,2021-09-12,
Q576222,,,47459,,,2021-09-12,
Q580452,,,46266,,,2021-09-12,
Q5891723,,,49955,,,2021-09-12,
Q59484249,,,57738,,,2021-09-12,
Q59554023,,,55552,,,2021-09-12,
Q602530,,,46655,,,2021-09-12,
Q60323117,,,57173,,,2021-09-12,
Q60482219,,,58727,,,2021-09-12,
Q606424,,,54466,,,2021-09-12,
Q6071513,,,48043,,,2021-09-12,
Q60762150,,,58440,,,2021-09-12,
Q6102310,,,46607,,,2021-09-12,
Q6121274,,,48054,,,2021-09-12,
Q613826,,,55401,,,2021-09-12,
Q61700082,,,56162,,,2021-09-12,
Q61934801,,,57265,,,2021-09-12,
Q637420,,,46587,,,2021-09-12,
Q63861507,,,58626,,,2021-09-12,
Q6399196,,,54460,,,2021-09-12,
Q64350172,,,57978,,,2021-09-12,
Q64514324,,,58712,,,2021-09-12,
Q64515550,,,58647,,,2021-09-12,
Q64572422,,,58040,,,2021-09-12,
Q64575784,,,58448,,,2021-09-12,
Q64584526,,,58849,,,2021-09-12,
Q64584527,,,58848,,,2021-09-12,
Q64584529,,,58850,,,2021-09-12,
Q64799025,,,46656,,,2021-09-12,
Q64856154,,,58711,,,2021-09-12,
Q64952940,,,58643,,,2021-09-12,
Q64953400,,,58054,,,2021-09-12,
Q64953438,,,58689,,,2021-09-12,
Q65024899,,,58708,,,2021-09-12,
Q65025502,,,57605,,,2021-09-12,
Q65138554,,,46560,,,2021-09-12,
Q6542967,,,55959,,,2021-09-12,
Q65648494,,,57431,,,2021-09-12,
Q66057965,,,46233,,,2021-09-12,
Q663118,,,48978,,,2021-09-12,
Q664038,,,46272,,,2021-09-12,
Q667094,,,55402,,,2021-09-12,
Q6688204,,,49973,,,2021-09-12,
Q671872,,,54822,,,2021-09-12,
Q67563862,,,55616,,,2021-09-12,
Q728249,,,49588,,,2021-09-12,
Q733890,,,54435,,,2021-09-12,
Q744415,,,55136,,,2021-09-12,
Q7456134,,,55180,,,2021-09-12,
Q75846,,,55030,,,2021-09-12,
Q7589569,,,58411,,,2021-09-12,
Q7731855,,,46725,,,2021-09-12,
Q78644155,,,54957,,,2021-09-12,
Q79943055,,,50213,,,2021-09-12,
Q79990099,,,58778,,,2021-09-12,
Q80029859,,,58645,,,2021-09-12,
Q807809,,,54502,,,2021-09-12,
Q81240,,,46517,,,2021-09-12,
Q8206122,,,57370,,,2021-09-12,
Q83742678,,,57991,,,2021-09-12,
Q837848,,,55185,,,2021-09-12,
Q84448006,,,57263,,,2021-09-12,
Q85839383,,,56844,,,2021-09-12,
Q85953721,,,58706,,,2021-09-12,
Q87464946,,,47444,,,2021-09-12,
Q87645685,,,49636,,,2021-09-12,
Q87737739,,,27238,,,2021-09-12,
Q8774031,,,46764,,,2021-09-12,
Q9073676,,,58769,,,2021-09-12,
Q9191534,,,57989,,,2021-09-12,
Q93162089,,,46723,,,2021-09-12,
Q9333675,,,46309,,,2021-09-12,
Q9335245,,,46742,,,2021-09-12,
Q9352871,,,58438,,,2021-09-12,
Q936852,,,55340,,,2021-09-12,
Q9378388,,,57322,,,2021-09-12,
Q9396638,,,46611,,,2021-09-12,
Q949567,,,58409,,,2021-09-12,
Q977200,,,55254,,,2021-09-12,
Q99571360,,,46987,,,2021-09-12,
